Pubmed_ID,Title,Author,Source,Abstract
15830351,Aromatase inhibition reduces expression of FOXL2 in the embryonic chicken ovary.,"Hudson QJ, Smith CA, Sinclair AH",Dev Dyn. 2005 Jul;233(3):1052-5. doi: 10.1002/dvdy.20388.,"P450-aromatase is the terminal estrogen-synthesizing enzyme and a key gene in avian sex determination. Aromatase is expressed specifically in female gonads, but not male gonads, at the onset of sexual differentiation. This enzyme shows temporal and spatial colocalization with the forkhead transcription factor FOXL2 in the embryonic chicken ovary, suggesting a causal link. Mutations in FOXL2 are associated with premature ovarian failure in humans. Foxl2 null mice also present with premature ovarian failure. Here, we show that FOXL2 expression is reduced but not abolished in chicken embryos subjected to experimental female to male sex-reversal with an aromatase inhibitor. This finding suggests that FOXL2 lies upstream of aromatase in avian sex determination, but that it responds to depleted estrogen synthesis. The reduction in FOXL2 expression may be accounted for by interruption of a positive feedback loop by means of estrogen, or the influence of testis promoting factors such as SOX9 and DMRT1 in the masculinized gonads."
17675865,Potential application of sperm bearing female-specific chromosome in chickens.,"Shimada K, Valdez MB Jr, Mizutani M, Namikawa T",Cytogenet Genome Res. 2007;117(1-4):240-7. doi: 10.1159/000103185.,"This paper reviews studies on sex reversal experiments in chickens, production of sperm bearing a female-specific chromosome, its application for poultry resources and finally a mechanism of sex differentiation of gonads in the chicken."
19710650,The avian Z-linked gene DMRT1 is required for male sex determination in the chicken.,"Smith CA, Roeszler KN, Ohnesorg T, Cummins DM, Farlie PG, Doran TJ, Sinclair AH",Nature. 2009 Sep 10;461(7261):267-71. doi: 10.1038/nature08298. Epub 2009 Aug 26.,"Sex in birds is chromosomally based, as in mammals, but the sex chromosomes are different and the mechanism of avian sex determination has been a long-standing mystery. In the chicken and all other birds, the homogametic sex is male (ZZ) and the heterogametic sex is female (ZW). Two hypotheses have been proposed for the mechanism of avian sex determination. The W (female) chromosome may carry a dominant-acting ovary determinant. Alternatively, the dosage of a Z-linked gene may mediate sex determination, two doses being required for male development (ZZ). A strong candidate avian sex-determinant under the dosage hypothesis is the conserved Z-linked gene, DMRT1 (doublesex and mab-3-related transcription factor 1). Here we used RNA interference (RNAi) to knock down DMRT1 in early chicken embryos. Reduction of DMRT1 protein expression in ovo leads to feminization of the embryonic gonads in genetically male (ZZ) embryos. Affected males show partial sex reversal, characterized by feminization of the gonads. The feminized left gonad shows female-like histology, disorganized testis cords and a decline in the testicular marker, SOX9. The ovarian marker, aromatase, is ectopically activated. The feminized right gonad shows a more variable loss of DMRT1 and ectopic aromatase activation, suggesting differential sensitivity to DMRT1 between left and right gonads. Germ cells also show a female pattern of distribution in the feminized male gonads. These results indicate that DMRT1 is required for testis determination in the chicken. Our data support the Z dosage hypothesis for avian sex determination."
21389341,Manipulation of estrogen synthesis alters MIR202* expression in embryonic chicken gonads.,"Bannister SC, Smith CA, Roeszler KN, Doran TJ, Sinclair AH, Tizard ML",Biol Reprod. 2011 Jul;85(1):22-30. doi: 10.1095/biolreprod.110.088476. Epub 2011 Mar 9.,"Tissue-specific patterns of microRNA (miRNA) expression contribute to organogenesis during embryonic development. Using the embryonic chicken gonads as a model for vertebrate gonadogenesis, we previously reported that miRNAs are expressed in a sexually dimorphic manner during gonadal sex differentiation. Being male biased, we hypothesised that up-regulation of microRNA 202* (MIR202*) is characteristic of testicular differentiation. To address this hypothesis, we used estrogen modulation to induce gonadal sex reversal in embryonic chicken gonads and analyzed changes in MIR202* expression. In ovo injection of estradiol-17beta at Embryonic Day 4.5 (E4.5) caused feminization of male gonads at E9.5 and reduced MIR202* expression to female levels. Female gonads treated at E3.5 with an aromatase inhibitor, which blocks estrogen synthesis, were masculinized by E9.5, and MIR202* expression was increased. Reduced MIR202* expression correlated with reduced expression of the testis-associated genes DMRT1 and SOX9, and up-regulation of ovary-associated genes FOXL2 and CYP19A1 (aromatase). Increased MIR202* expression correlated with down-regulation of FOXL2 and aromatase and up-regulation of DMRT1 and SOX9. These results confirm that up-regulation of MIR202* coincides with testicular differentiation in embryonic chicken gonads."
21540574,Methylation status of cMHM and expression of sex-specific genes in adult sex-reversed female chickens.,"Yang X, Zheng J, Qu L, Chen S, Li J, Xu G, Yang N",Sex Dev. 2011;5(3):147-54. doi: 10.1159/000327712. Epub 2011 May 3.,"The objective of the current study was to analyze the methylation status of the chicken male hypermethylation (cMHM) region and mRNA expression levels of sex-dependent genes in adult female-to-male sex-reversed chickens. Sex reversal from genetic females into phenotypic males was induced by injection of 1.0 mg fadrozole, an aromatase inhibitor, into fertilized eggs at 3.0 days of incubation. Birds aged 30 weeks were classified into 4 groups according to the histological structure of their gonads and the natural logarithm of the ratio of testosterone to estradiol in serum, namely standard females, slightly sex-reversed females with left ovotestes, highly sex-reversed females with left testes, and standard males. The results showed that methylation of the cMHM amplicon was lowest in the ovaries of standard females and highest in testes of standard males. Methylation levels were significantly higher in the left testes of highly sex-reversed females than in the left ovotestes of slightly sex-reversed females (p < 0.05). Expression analysis of 9 sex-specific genes in the gonad indicated that DMRT1 and HINTZ had a similar expression pattern, with significantly higher levels in standard males as compared to standard females, slightly and highly sex-reversed females (p < 0.05). Expression of FOXL2, AMH, P450arom, SF1, and ERalpha was obviously higher in standard females than in standard males, slightly and highly sex-reversed females (p < 0.05). Expression of SOX9 in standard females was similar to that in slightly sex-reversed females and lower than in highly sex-reversed females and standard males (p < 0.05)."
22539680,Masculine epigenetic sex marks of the CYP19A1/aromatase promoter in genetically male chicken embryonic gonads are resistant to estrogen-induced phenotypic sex conversion.,"Ellis HL, Shioda K, Rosenthal NF, Coser KR, Shioda T","Biol Reprod. 2012 Jul 26;87(1):23, 1-12. doi: 10.1095/biolreprod.112.099747. Print 2012 Jul.","Sex of birds is genetically determined through inheritance of the ZW sex chromosomes (ZZ males and ZW females). Although the mechanisms of avian sex determination remains unknown, the genetic sex is experimentally reversible by in ovo exposure to exogenous estrogens (ZZ-male feminization) or aromatase inhibitors (ZW-female masculinization). Expression of various testis- and ovary-specific marker genes during the normal and reversed gonadal sex differentiation in chicken embryos has been extensively studied, but the roles of sex-specific epigenetic marks in sex differentiation are unknown. In this study, we show that a 170-nt region in the promoter of CYP19A1/aromatase, a key gene required for ovarian estrogen biosynthesis and feminization of chicken embryonic gonads, contains highly quantitative, nucleotide base-level epigenetic marks that reflect phenotypic gonadal sex differentiation. We developed a protocol to feminize ZZ-male chicken embryonic gonads in a highly quantitative manner by direct injection of emulsified ethynylestradiol into yolk at various developmental stages. Taking advantage of this experimental sex reversal model, we show that the epigenetic sex marks in the CYP19A1/aromatase promoter involving DNA methylation and histone lysine methylation are feminized significantly but only partially in sex-converted gonads even when morphological and transcriptional marks of sex differentiation show complete feminization, being indistinguishable from gonads of normal ZW females. Our study suggests that the epigenetic sex of chicken embryonic gonads is more stable than the morphologically or transcriptionally characterized sex differentiation, suggesting the importance of the nucleotide base-level epigenetic sex in gonadal sex differentiation."
23840850,Overexpression of aromatase alone is sufficient for ovarian development in genetically male chicken embryos.,"Lambeth LS, Cummins DM, Doran TJ, Sinclair AH, Smith CA",PLoS One. 2013 Jun 28;8(6):e68362. doi: 10.1371/journal.pone.0068362. Print 2013.,"Estrogens play a key role in sexual differentiation of both the gonads and external traits in birds. The production of estrogen occurs via a well-characterised steroidogenic pathway, which is a multi-step process involving several enzymes, including cytochrome P450 aromatase. In chicken embryos, the aromatase gene (CYP19A1) is expressed female-specifically from the time of gonadal sex differentiation. To further explore the role of aromatase in sex determination, we ectopically delivered this enzyme using the retroviral vector RCASBP in ovo. Aromatase overexpression in male chicken embryos induced gonadal sex-reversal characterised by an enlargement of the left gonad and development of ovarian structures such as a thickened outer cortex and medulla with lacunae. In addition, the expression of key male gonad developmental genes (DMRT1, SOX9 and Anti-Mullerian hormone (AMH)) was suppressed, and the distribution of germ cells in sex-reversed males followed the female pattern. The detection of SCP3 protein in late stage sex-reversed male embryonic gonads indicated that these genetically male germ cells had entered meiosis, a process that normally only occurs in female embryonic germ cells. This work shows for the first time that the addition of aromatase into a developing male embryo is sufficient to direct ovarian development, suggesting that male gonads have the complete capacity to develop as ovaries if provided with aromatase."
26377738,Identification of candidate gonadal sex differentiation genes in the chicken embryo using RNA-seq.,"Ayers KL, Lambeth LS, Davidson NM, Sinclair AH, Oshlack A, Smith CA",BMC Genomics. 2015 Sep 16;16:704. doi: 10.1186/s12864-015-1886-5.,"BACKGROUND: Despite some advances in recent years, the genetic control of gonadal sex differentiation during embryogenesis is still not completely understood. To identify new candidate genes involved in ovary and testis development, RNA-seq was used to define the transcriptome of embryonic chicken gonads at the onset of sexual differentiation (day 6.0/stage 29). RESULTS: RNA-seq revealed more than 1000 genes that were transcribed in a sex-biased manner at this early stage of gonadal differentiation. Comparison with undifferentiated gonads revealed that sex biased expression was derived primarily from autosomal rather than sex-linked genes. Gene ontology and pathway analysis indicated that many of these genes encoded proteins involved in extracellular matrix function and cytoskeletal remodelling, as well as tubulogenesis. Several of these genes are novel candidate regulators of gonadal sex differentiation, based on sex-biased expression profiles that are altered following experimental sex reversal. We further characterised three female-biased (ovarian) genes; calpain-5 (CAPN5), G-protein coupled receptor 56 (GPR56), and FGFR3 (fibroblast growth factor receptor 3). Protein expression of these candidates in the developing ovaries suggests that they play an important role in this tissue. CONCLUSIONS: This study provides insight into the earliest steps of vertebrate gonad sex differentiation, and identifies novel candidate genes for ovarian and testicular development."
27562942,A Window of MHM Demethylation Correlates with Key Events in Gonadal Differentiation in the Chicken.,"Yang X, Deng J, Zheng J, Xia L, Yang Z, Qu L, Chen S, Xu G, Jiang H, Clinton M, Yang N",Sex Dev. 2016;10(3):152-8. doi: 10.1159/000447659. Epub 2016 Aug 26.,"The MHM (male hypermethylated) region on the chicken Z chromosome is of interest in terms of sex determination both because hypermethylation of the promoter in males results in female-specific expression, and in females the non-coding transcripts accumulate in the region of a locus that encodes a key candidate gene for testis differentiation in birds - DMRT1. However, it has yet to be established whether MHM plays a role in either sex determination or gonadal development in chicken. Here, we sought to establish the MHM methylation pattern during chicken gonadal development and determine how this pattern correlates with the expression profiles of genes involved in sex determination and gonadal differentiation. As expected, we found that MHM methylation levels were higher in male than in female gonads at most stages of development. We also showed that there was no significant difference in the methylation patterns between the right and left gonad and that the pattern of methylation in female gonads was not affected by sex reversal. However, we did find an unexpected window where MHM promoter methylation levels were very low in both males and females. This developmental window coincided with a stage of gonad development where there is a dramatic increase in expression of key testis genes in males and of key ovary genes in females. The current study raises the possibility that the non-coding RNA transcripts of MHM may affect testis and ovary differentiation by influencing sex-specific gene expression."
28911174,Sex Reversal and Comparative Data Undermine the W Chromosome and Support Z-linked DMRT1 as the Regulator of Gonadal Sex Differentiation in Birds.,"Hirst CE, Major AT, Ayers KL, Brown RJ, Mariette M, Sackton TB, Smith CA",Endocrinology. 2017 Sep 1;158(9):2970-2987. doi: 10.1210/en.2017-00316.,"The exact genetic mechanism regulating avian gonadal sex differentiation has not been completely resolved. The most likely scenario involves a dosage mechanism, whereby the Z-linked DMRT1 gene triggers testis development. However, the possibility still exists that the female-specific W chromosome may harbor an ovarian determining factor. In this study, we provide evidence that the universal gene regulating gonadal sex differentiation in birds is Z-linked DMRT1 and not a W-linked (ovarian) factor. Three candidate W-linked ovarian determinants are HINTW, female-expressed transcript 1 (FET1), and female-associated factor (FAF). To test the association of these genes with ovarian differentiation in the chicken, we examined their expression following experimentally induced female-to-male sex reversal using the aromatase inhibitor fadrozole (FAD). Administration of FAD on day 3 of embryogenesis induced a significant loss of aromatase enzyme activity in female gonads and masculinization. However, expression levels of HINTW, FAF, and FET1 were unaltered after experimental masculinization. Furthermore, comparative analysis showed that FAF and FET1 expression could not be detected in zebra finch gonads. Additionally, an antibody raised against the predicted HINTW protein failed to detect it endogenously. These data do not support a universal role for these genes or for the W sex chromosome in ovarian development in birds. We found that DMRT1 (but not the recently identified Z-linked HEMGN gene) is male upregulated in embryonic zebra finch and emu gonads, as in the chicken. As chicken, zebra finch, and emu exemplify the major evolutionary clades of birds, we propose that Z-linked DMRT1, and not the W sex chromosome, regulates gonadal sex differentiation in birds."
28980227,Sex-Determining Mechanism in Avians.,Kuroiwa A,Adv Exp Med Biol. 2017;1001:19-31. doi: 10.1007/978-981-10-3975-1_2.,"The sex of birds is determined by inheritance of sex chromosomes at fertilization. The embryo with two Z chromosomes (ZZ) develops into a male; by contrast, the embryo with Z and W chromosomes (ZW) becomes female. Two theories are hypothesized for the mechanisms of avian sex determination that explain how genes carried on sex chromosomes control gonadal differentiation and development during embryogenesis. One proposes that the dosage of genes on the Z chromosome determines the sexual differentiation of undifferentiated gonads, and the other proposes that W-linked genes dominantly determine ovary differentiation or inhibit testis differentiation. Z-linked DMRT1, which is a strong candidate avian sex-determining gene, supports the former hypothesis. Although no candidate W-linked gene has been identified, extensive evidence for spontaneous sex reversal in birds and aneuploid chimeric chickens with an abnormal sex chromosome constitution strongly supports the latter hypothesis. After the sex of gonad is determined by a gene(s) located on the sex chromosomes, gonadal differentiation is subsequently progressed by several genes. Developed gonads secrete sex hormones to masculinize or feminize the whole body of the embryo. In this section, the sex-determining mechanism as well as the genes and sex hormones mainly involved in gonadal differentiation and development of chicken are introduced."
