Pubmed_ID,Title,Author,Source,Abstract
17675865,Potential application of sperm bearing female-specific chromosome in chickens.,"Shimada K, Valdez MB Jr, Mizutani M, Namikawa T",Cytogenet Genome Res. 2007;117(1-4):240-7. doi: 10.1159/000103185.,"This paper reviews studies on sex reversal experiments in chickens, production of sperm bearing a female-specific chromosome, its application for poultry resources and finally a mechanism of sex differentiation of gonads in the chicken."
25563755,Gonadotropin-releasing hormone and gonadal steroids regulate transcription factor mRNA expression in primary pituitary and immortalized gonadotrope cells.,"Zheng W, Grafer CM, Kim J, Halvorson LM",Reprod Sci. 2015 Mar;22(3):285-99. doi: 10.1177/1933719114565031. Epub 2015 Jan 5.,"Hormonal regulation of pituitary gonadotropin gene expression has been attributed to gonadotropin-releasing hormone (GnRH)-mediated stimulation of immediate early gene expression and gonadal steroid interactions with their respective nuclear receptors. A number of orphan nuclear receptors including steroidogenic factor 1, liver receptor homologue 1, dosage-sensitive sex reversal, adrenal hypoplasia critical region, on chromosome X, gene 1, and chicken ovalbumin upstream promoter-transcription factors I/II as well as the GATA family members, GATA2 and GATA4, have also been implicated in transcriptional regulation of the gonadotropin genes. We hypothesized that hormonally mediated changes in these latter transcription factors may provide an additional mechanism for mediating hormonal effects beyond the more classically appreciated pathways. In these studies, we demonstrate significant regulation of orphan nuclear receptor and GATA messenger RNA levels by GnRH, dihydrotestosterone, estradiol, and progesterone in both cultured primary pituitary cells and gonadotrope-derived cell line, LbetaT2. These results advance our understanding of the complex mechanisms by which GnRH and steroid hormones achieve precise regulation of anterior pituitary function."
26377738,Identification of candidate gonadal sex differentiation genes in the chicken embryo using RNA-seq.,"Ayers KL, Lambeth LS, Davidson NM, Sinclair AH, Oshlack A, Smith CA",BMC Genomics. 2015 Sep 16;16:704. doi: 10.1186/s12864-015-1886-5.,"BACKGROUND: Despite some advances in recent years, the genetic control of gonadal sex differentiation during embryogenesis is still not completely understood. To identify new candidate genes involved in ovary and testis development, RNA-seq was used to define the transcriptome of embryonic chicken gonads at the onset of sexual differentiation (day 6.0/stage 29). RESULTS: RNA-seq revealed more than 1000 genes that were transcribed in a sex-biased manner at this early stage of gonadal differentiation. Comparison with undifferentiated gonads revealed that sex biased expression was derived primarily from autosomal rather than sex-linked genes. Gene ontology and pathway analysis indicated that many of these genes encoded proteins involved in extracellular matrix function and cytoskeletal remodelling, as well as tubulogenesis. Several of these genes are novel candidate regulators of gonadal sex differentiation, based on sex-biased expression profiles that are altered following experimental sex reversal. We further characterised three female-biased (ovarian) genes; calpain-5 (CAPN5), G-protein coupled receptor 56 (GPR56), and FGFR3 (fibroblast growth factor receptor 3). Protein expression of these candidates in the developing ovaries suggests that they play an important role in this tissue. CONCLUSIONS: This study provides insight into the earliest steps of vertebrate gonad sex differentiation, and identifies novel candidate genes for ovarian and testicular development."
28980227,Sex-Determining Mechanism in Avians.,Kuroiwa A,Adv Exp Med Biol. 2017;1001:19-31. doi: 10.1007/978-981-10-3975-1_2.,"The sex of birds is determined by inheritance of sex chromosomes at fertilization. The embryo with two Z chromosomes (ZZ) develops into a male; by contrast, the embryo with Z and W chromosomes (ZW) becomes female. Two theories are hypothesized for the mechanisms of avian sex determination that explain how genes carried on sex chromosomes control gonadal differentiation and development during embryogenesis. One proposes that the dosage of genes on the Z chromosome determines the sexual differentiation of undifferentiated gonads, and the other proposes that W-linked genes dominantly determine ovary differentiation or inhibit testis differentiation. Z-linked DMRT1, which is a strong candidate avian sex-determining gene, supports the former hypothesis. Although no candidate W-linked gene has been identified, extensive evidence for spontaneous sex reversal in birds and aneuploid chimeric chickens with an abnormal sex chromosome constitution strongly supports the latter hypothesis. After the sex of gonad is determined by a gene(s) located on the sex chromosomes, gonadal differentiation is subsequently progressed by several genes. Developed gonads secrete sex hormones to masculinize or feminize the whole body of the embryo. In this section, the sex-determining mechanism as well as the genes and sex hormones mainly involved in gonadal differentiation and development of chicken are introduced."
