Pubmed_ID,Title,Author,Source,Abstract
10359848,Identification of a novel Sry-related gene and its germ cell-specific expression.,"Osaki E, Nishina Y, Inazawa J, Copeland NG, Gilbert DJ, Jenkins NA, Ohsugi M, Tezuka T, Yoshida M, Semba K",Nucleic Acids Res. 1999 Jun 15;27(12):2503-10. doi: 10.1093/nar/27.12.2503.,"Sox family proteins are characterized by a unique DNA-binding domain, a HMG box which shows at least 50% sequence similarity with mouse Sry, the sex-determining factor. At present almost 30 Sox genes have been identified. Members of this family have been shown to be conserved during evolution and to play key roles during animal development. Some are involved in human diseases, including sex reversal. Here we report the isolation of a novel member of the Sox gene family, Sox30, which may constitute a distinct subgroup of this family. Using a bacterially expressed DNA-binding domain of Sox30, we show that it is able to specifically recognize the ACAAT motif. Furthermore, Sox30 is capable of activating transcription from a synthetic promoter containing the ACAAT motif. The specific expression of Sox30 in normal testes, but not in maturing germ cell-deficient testes, suggests the involvement of Sox30 in differentiation of male germ cells. Mapping analyses revealed that the Sox30 gene is located on human chromosome 5 (5q33) and on mouse chromosome 11."
12900561,"Sex determination and sex chromosome evolution in the medaka, Oryzias latipes, and the platyfish, Xiphophorus maculatus.","Volff JN, Schartl M",Cytogenet Genome Res. 2002;99(1-4):170-7. doi: 10.1159/000071590.,"The first vertebrate master sex-determining gene different from Sry has been very recently discovered in a small aquarium fish, the medaka (Oryzias latipes). In this fish, the X and Y chromosomes apparently differ only by a 250-kb Y-specific region containing dmrt1bY (also called DMY and dmrt1Y), a male-specific copy of the autosomal gene dmrt1. Dmrt1 is a putative transcription factor probably involved in testis formation in different vertebrate lineages. Dmrt1bY is the only gene having escaped the drastic process of degeneration that devastated the small Y-specific region of the medaka. Mutations leading to truncation or lower expression of dmrt1bY result in XY male-to-female sex reversal. Hence, both genetic and functional evidences converge in making dmrt1bY an outstanding candidate for the function of a master sex-determining gene in fish. Nevertheless, dmrt1bY could not be detected in certain other Oryzias species or in more divergent fishes. Phylogenetic analysis revealed that the duplication of the autosomal dmrt1 that formed dmrt1bY is young in evolutionary terms. Hence, dmrt1bY is not the universal master sex-determining gene in fish. Because the classical fish models, such as zebrafish and pufferfish, are not very adequate to study the basis of genetic sex determination, alternative models, such as the platyfish (Xiphophorus maculatus), are re-emerging. In this fish, which is a well-suited laboratory organism, gene loci involved in pigmentation, melanoma formation, and sexual maturity have been mapped close to the master sex-determining gene. Interestingly, the platyfish can harbor three different sex chromosomes (W, X, and Y) in certain natural populations. Bacterial artificial chromosome contigs covering the sex-determining region of the platyfish are already available, and the positional cloning of the master sex-determining gene(s) should provide new insights into sex determination and sex chromosome evolution in fish and other vertebrates."
14684994,The rice field eel as a model system for vertebrate sexual development.,"Cheng H, Guo Y, Yu Q, Zhou R",Cytogenet Genome Res. 2003;101(3-4):274-7. doi: 10.1159/000074348.,"Complex developmental mechanisms of vertebrates are unraveled using comparative genomic approaches. Several teleosts, such as zebrafish, medaka and pufferfish, are used as genetic model systems because they are amenable to studies of gene function. The rice field eel, a freshwater fish, is emerging as a specific model system for studies of vertebrate sexual development because of its small genome size and naturally occurring sex reversal. Data presented here support the use of the rice field eel as another important fish model for comparative genome studies, especially in vertebrate sexual development. This model system is complementary rather than redundant."
20821638,Functional behavior and reproduction in androgenic sex reversed zebrafish (Danio rerio).,"Larsen MG, Baatrup E",Environ Toxicol Chem. 2010 Aug;29(8):1828-33. doi: 10.1002/etc.214.,"Endocrine-disrupting chemicals released into natural watercourses may cause biased sex ratios by sex reversal in fish populations. The present study investigated the androgenic sex reversal of zebrafish (Danio rerio) exposed to the androgenic compound 17beta-trenbolone (TB) and whether sex-changed females would revert to the female phenotype after cessation of TB exposure. 17beta-Trenbolone is a metabolite of trenbolone acetate, an anabolic steroid used as a growth promoter in beef cattle. 17beta-Trenbolone in runoff from cattle feedlots may reach concentrations that affect fish sexual development. Zebrafish were exposed to a concentration of 20 ng/L TB in a flow-through system for five months from egg until sexual maturity. This resulted in an all-male population. It was further found that all these phenotypic males displayed normal male courtship behavior and were able to reproduce successfully, implying that the sex reversal was complete and functional. None of the phenotypic males developed into females after six months in clean water, demonstrating that androgenic sex reversal of zebrafish is irreversible."
21304996,Quantitative trait loci involved in sex determination and body growth in the gilthead sea bream (Sparus aurata L.) through targeted genome scan.,"Loukovitis D, Sarropoulou E, Tsigenopoulos CS, Batargias C, Magoulas A, Apostolidis AP, Chatziplis D, Kotoulas G",PLoS One. 2011 Jan 31;6(1):e16599. doi: 10.1371/journal.pone.0016599.,"Among vertebrates, teleost fish exhibit a considerably wide range of sex determination patterns that may be influenced by extrinsic parameters. However even for model fish species like the zebrafish Danio rerio the precise mechanisms involved in primary sex determination have not been studied extensively. The zebrafish, a gonochoristic species, is lacking discernible sex chromosomes and the sex of juvenile fish is difficult to determine. Sequential protandrous hermaphrodite species provide distinct determination of the gender and allow studying the sex determination process by looking at the mechanism of sex reversal. This is the first attempt to understand the genetic basis of phenotypic variation for sex determination and body weight in a sequential protandrous hermaphrodite species, the gilthead sea bream (Sparus aurata). This work demonstrates a fast and efficient strategy for Quantitative Trait Loci (QTL) detection in the gilthead sea bream, a non-model but target hermaphrodite fish species. Therefore a comparative mapping approach was performed to query syntenies against two other Perciformes, the European sea bass (Dicentrarchus labrax), a gonochoristic species and the Asian sea bass (Lates calcarifer) a protandrous hermaphrodite. In this manner two significant QTLs, one QTL affecting both body weight and sex and one QTL affecting sex, were detected on the same linkage group. The co-segregation of the two QTLs provides a genomic base to the observed genetic correlation between these two traits in sea bream as well as in other teleosts. The identification of QTLs linked to sex reversal and growth, will contribute significantly to a better understanding of the complex nature of sex determination in S. aurata where most individuals reverse to the female sex at the age of two years through development and maturation of the ovarian portion of the gonad and regression of the testicular area. [Genomic sequences reported in this manuscript have been submitted to GenBank under accession numbers HQ021443-HQ021749.]."
21483806,"Roles of brca2 (fancd1) in oocyte nuclear architecture, gametogenesis, gonad tumors, and genome stability in zebrafish.","Rodriguez-Mari A, Wilson C, Titus TA, Canestro C, BreMiller RA, Yan YL, Nanda I, Johnston A, Kanki JP, Gray EM, He X, Spitsbergen J, Schindler D, Postlethwait JH",PLoS Genet. 2011 Mar;7(3):e1001357. doi: 10.1371/journal.pgen.1001357. Epub 2011 Mar 31.,"Mild mutations in BRCA2 (FANCD1) cause Fanconi anemia (FA) when homozygous, while severe mutations cause common cancers including breast, ovarian, and prostate cancers when heterozygous. Here we report a zebrafish brca2 insertional mutant that shares phenotypes with human patients and identifies a novel brca2 function in oogenesis. Experiments showed that mutant embryos and mutant cells in culture experienced genome instability, as do cells in FA patients. In wild-type zebrafish, meiotic cells expressed brca2; and, unexpectedly, transcripts in oocytes localized asymmetrically to the animal pole. In juvenile brca2 mutants, oocytes failed to progress through meiosis, leading to female-to-male sex reversal. Adult mutants became sterile males due to the meiotic arrest of spermatocytes, which then died by apoptosis, followed by neoplastic proliferation of gonad somatic cells that was similar to neoplasia observed in ageing dead end (dnd)-knockdown males, which lack germ cells. The construction of animals doubly mutant for brca2 and the apoptotic gene tp53 (p53) rescued brca2-dependent sex reversal. Double mutants developed oocytes and became sterile females that produced only aberrant embryos and showed elevated risk for invasive ovarian tumors. Oocytes in double-mutant females showed normal localization of brca2 and pou5f1 transcripts to the animal pole and vasa transcripts to the vegetal pole, but had a polarized rather than symmetrical nucleus with the distribution of nucleoli and chromosomes to opposite nuclear poles; this result revealed a novel role for Brca2 in establishing or maintaining oocyte nuclear architecture. Mutating tp53 did not rescue the infertility phenotype in brca2 mutant males, suggesting that brca2 plays an essential role in zebrafish spermatogenesis. Overall, this work verified zebrafish as a model for the role of Brca2 in human disease and uncovered a novel function of Brca2 in vertebrate oocyte nuclear architecture."
21949597,An SNP-Based Linkage Map for Zebrafish Reveals Sex Determination Loci.,"Bradley KM, Breyer JP, Melville DB, Broman KW, Knapik EW, Smith JR",G3 (Bethesda). 2011 Jun 1;1(1):3-9. doi: 10.1534/g3.111.000190.,"A surprising diversity of mechanisms controls sex determination of vertebrate organisms, even among closely related species. Both genetic and temperature-dependent systems of sex determination have been described in teleost fish. In the common zebrafish model organism, heteromorphic sex chromosomes are not observed, and the potential role of a genetic component of sex determination remains largely unknown. Here we report a genome-wide linkage study of sex determination in zebrafish using a novel SNP genetic map. We identified loci on zebrafish chromosomes 5 (LOD score 7.9) and 16 (LOD score 9.3) governing sex determination as a complex trait, rather than as an XY or ZW genetic system. Each of these loci contains a prominent candidate gene with a conserved role in sex determination across additional species that suggest potential mechanisms of sex determination in zebrafish. The chromosome 5 locus harbors dmrt1, a key gene in sex determination from fruit flies to humans; mutation of the human DMRT1 ortholog is a cause of complete sex reversal of XY individuals. The chromosome 16 locus harbors cyp21a2; mutation of the human CYP21A2 ortholog is one of the more common causes of pseudohermaphroditism. Mutation detection at each of these candidate genes within the zebrafish cross identified hypomorphic variants on the female-associated allele of each locus. The two loci together accounted for 16% of variance of the trait. Interacting environmental cues are likely to be an additional important component of sex determination in zebrafish."
25233988,Wild sex in zebrafish: loss of the natural sex determinant in domesticated strains.,"Wilson CA, High SK, McCluskey BM, Amores A, Yan YL, Titus TA, Anderson JL, Batzel P, Carvan MJ 3rd, Schartl M, Postlethwait JH",Genetics. 2014 Nov;198(3):1291-308. doi: 10.1534/genetics.114.169284. Epub 2014 Sep 18.,"Sex determination can be robustly genetic, strongly environmental, or genetic subject to environmental perturbation. The genetic basis of sex determination is unknown for zebrafish (Danio rerio), a model for development and human health. We used RAD-tag population genomics to identify sex-linked polymorphisms. After verifying this ""RAD-sex"" method on medaka (Oryzias latipes), we studied two domesticated zebrafish strains (AB and TU), two natural laboratory strains (WIK and EKW), and two recent isolates from nature (NA and CB). All four natural strains had a single sex-linked region at the right tip of chromosome 4, enabling sex genotyping by PCR. Genotypes for the single nucleotide polymorphism (SNP) with the strongest statistical association to sex suggested that wild zebrafish have WZ/ZZ sex chromosomes. In natural strains, ""male genotypes"" became males and some ""female genotypes"" also became males, suggesting that the environment or genetic background can cause female-to-male sex reversal. Surprisingly, TU and AB lacked detectable sex-linked loci. Phylogenomics rooted on D. nigrofasciatus verified that all strains are monophyletic. Because AB and TU branched as a monophyletic clade, we could not rule out shared loss of the wild sex locus in a common ancestor despite their independent domestication. Mitochondrial DNA sequences showed that investigated strains represent only one of the three identified zebrafish haplogroups. Results suggest that zebrafish in nature possess a WZ/ZZ sex-determination mechanism with a major determinant lying near the right telomere of chromosome 4 that was modified during domestication. Strains providing the zebrafish reference genome lack key components of the natural sex-determination system but may have evolved variant sex-determining mechanisms during two decades in laboratory culture."
28193729,"Sequential, Divergent, and Cooperative Requirements of Foxl2a and Foxl2b in Ovary Development and Maintenance of Zebrafish.","Yang YJ, Wang Y, Li Z, Zhou L, Gui JF",Genetics. 2017 Apr;205(4):1551-1572. doi: 10.1534/genetics.116.199133. Epub 2017 Feb 13.,"Foxl2 is essential for mammalian ovary maintenance. Although sexually dimorphic expression of foxl2 was observed in many teleosts, its role and regulative mechanism in fish remained largely unclear. In this study, we first identified two transcript variants of foxl2a and its homologous gene foxl2b in zebrafish, and revealed their specific expression in follicular layer cells in a sequential and divergent fashion during ovary differentiation, maturation, and maintenance. Then, homozygous foxl2a mutants (foxl2a(-/-)) and foxl2b mutants (foxl2b(-/-)) were constructed and detailed comparisons, such as sex ratio, gonadal histological structure, transcriptome profiling, and dynamic expression of gonadal development-related genes, were carried out. Initial ovarian differentiation and oocyte development occur normally both in foxl2a(-/-) and foxl2b(-/-) mutants, but foxl2a and foxl2b disruptions result in premature ovarian failure and partial sex reversal, respectively, in adult females. In foxl2a(-/-) female mutants, sox9a-amh/cyp19a1a signaling was upregulated at 150 days postfertilization (dpf) and subsequently oocyte apoptosis was triggered after 180 dpf. In contrast, dmrt1 expression was greater at 105 dpf and increased several 100-fold in foxl2b(-/-) mutated ovaries at 270 dpf, along with other testis-related genes. Finally, homozygous foxl2a(-/-)/foxl2b(-/-) double mutants were constructed in which complete sex reversal occurs early and testis-differentiation genes robustly increase at 60 dpf. Given mutual compensation between foxl2a and foxl2b in foxl2b(-/-) and foxl2a(-/-) mutants, we proposed a model in which foxl2a and foxl2b cooperate to regulate zebrafish ovary development and maintenance, with foxl2b potentially having a dominant role in preventing the ovary from differentiating as testis, as compared to foxl2a."
28738802,Histological and transcriptomic effects of 17alpha-methyltestosterone on zebrafish gonad development.,"Lee SLJ, Horsfield JA, Black MA, Rutherford K, Fisher A, Gemmell NJ",BMC Genomics. 2017 Jul 24;18(1):557. doi: 10.1186/s12864-017-3915-z.,"BACKGROUND: Sex hormones play important roles in teleost ovarian and testicular development. In zebrafish, ovarian differentiation appears to be dictated by an oocyte-derived signal via Cyp19a1a aromatase-mediated estrogen production. Androgens and aromatase inhibitors can induce female-to-male sex reversal, however, the mechanisms underlying gonadal masculinisation are poorly understood. We used histological analyses together with RNA sequencing to characterise zebrafish gonadal transcriptomes and investigate the effects of 17alpha-methyltestosterone on gonadal differentiation. RESULTS: At a morphological level, 17alpha-methyltestosterone (MT) masculinised gonads and accelerated spermatogenesis, and these changes were paralleled in masculinisation and de-feminisation of gonadal transcriptomes. MT treatment upregulated expression of genes involved in male sex determination and differentiation (amh, dmrt1, gsdf and wt1a) and those involved in 11-oxygenated androgen production (cyp11c1 and hsd11b2). It also repressed expression of ovarian development and folliculogenesis genes (bmp15, gdf9, figla, zp2.1 and zp3b). Furthermore, MT treatment altered epigenetic modification of histones in zebrafish gonads. Contrary to expectations, higher levels of cyp19a1a or foxl2 expression in control ovaries compared to MT-treated testes and control testes were not statistically significant during early gonad development (40 dpf). CONCLUSION: Our study suggests that both androgen production and aromatase inhibition are important for androgen-induced gonadal masculinisation and natural testicular differentiation in zebrafish."
29735715,ZNRF3 functions in mammalian sex determination by inhibiting canonical WNT signaling.,"Harris A, Siggers P, Corrochano S, Warr N, Sagar D, Grimes DT, Suzuki M, Burdine RD, Cong F, Koo BK, Clevers H, Stevant I, Nef S, Wells S, Brauner R, Ben Rhouma B, Belguith N, Eozenou C, Bignon-Topalovic J, Bashamboo A, McElreavey K, Greenfield A",Proc Natl Acad Sci U S A. 2018 May 22;115(21):5474-5479. doi: 10.1073/pnas.1801223115. Epub 2018 May 7.,"Mammalian sex determination is controlled by the antagonistic interactions of two genetic pathways: The SRY-SOX9-FGF9 network promotes testis determination partly by opposing proovarian pathways, while RSPO1/WNT-beta-catenin/FOXL2 signals control ovary development by inhibiting SRY-SOX9-FGF9. The molecular basis of this mutual antagonism is unclear. Here we show that ZNRF3, a WNT signaling antagonist and direct target of RSPO1-mediated inhibition, is required for sex determination in mice. XY mice lacking ZNRF3 exhibit complete or partial gonadal sex reversal, or related defects. These abnormalities are associated with ectopic WNT/beta-catenin activity and reduced Sox9 expression during fetal sex determination. Using exome sequencing of individuals with 46,XY disorders of sex development, we identified three human ZNRF3 variants in very rare cases of XY female presentation. We tested two missense variants and show that these disrupt ZNRF3 activity in both human cell lines and zebrafish embryo assays. Our data identify a testis-determining function for ZNRF3 and indicate a mechanism of direct molecular interaction between two mutually antagonistic organogenetic pathways."
30540754,"Multiplexed CRISPR/Cas9-mediated knockout of 19 Fanconi anemia pathway genes in zebrafish revealed their roles in growth, sexual development and fertility.","Ramanagoudr-Bhojappa R, Carrington B, Ramaswami M, Bishop K, Robbins GM, Jones M, Harper U, Frederickson SC, Kimble DC, Sood R, Chandrasekharappa SC",PLoS Genet. 2018 Dec 12;14(12):e1007821. doi: 10.1371/journal.pgen.1007821. eCollection 2018 Dec.,"Fanconi Anemia (FA) is a genomic instability syndrome resulting in aplastic anemia, developmental abnormalities, and predisposition to hematological and other solid organ malignancies. Mutations in genes that encode proteins of the FA pathway fail to orchestrate the repair of DNA damage caused by DNA interstrand crosslinks. Zebrafish harbor homologs for nearly all known FA genes. We used multiplexed CRISPR/Cas9-mediated mutagenesis to generate loss-of-function mutants for 17 FA genes: fanca, fancb, fancc, fancd1/brca2, fancd2, fance, fancf, fancg, fanci, fancj/brip1, fancl, fancm, fancn/palb2, fanco/rad51c, fancp/slx4, fancq/ercc4, fanct/ube2t, and two genes encoding FA-associated proteins: faap100 and faap24. We selected two indel mutations predicted to cause premature truncations for all but two of the genes, and a total of 36 mutant lines were generated for 19 genes. Generating two independent mutant lines for each gene was important to validate their phenotypic consequences. RT-PCR from homozygous mutant fish confirmed the presence of transcripts with indels in all genes. Interestingly, 4 of the indel mutations led to aberrant splicing, which may produce a different protein than predicted from the genomic sequence. Analysis of RNA is thus critical in proper evaluation of the consequences of the mutations introduced in zebrafish genome. We used fluorescent reporter assay, and western blots to confirm loss-of-function for several mutants. Additionally, we developed a DEB treatment assay by evaluating morphological changes in embryos and confirmed that homozygous mutants from all the FA genes that could be tested (11/17), displayed hypersensitivity and thus were indeed null alleles. Our multiplexing strategy helped us to evaluate 11 multiple gene knockout combinations without additional breeding. Homozygous zebrafish for all 19 single and 11 multi-gene knockouts were adult viable, indicating FA genes in zebrafish are generally not essential for early development. None of the mutant fish displayed gross developmental abnormalities except for fancp-/- fish, which were significantly smaller in length than their wildtype clutch mates. Complete female-to-male sex reversal was observed in knockouts for 12/17 FA genes, while partial sex reversal was seen for the other five gene knockouts. All adult females were fertile, and among the adult males, all were fertile except for the fancd1 mutants and one of the fancj mutants. We report here generation and characterization of zebrafish knockout mutants for 17 FA disease-causing genes, providing an integral resource for understanding the pathophysiology associated with the disrupted FA pathway."
31910818,Anti-masculinization induced by aromatase inhibitors in adult female zebrafish.,"Chen L, Wang L, Cheng Q, Tu YX, Yang Z, Li RZ, Luo ZH, Chen ZX",BMC Genomics. 2020 Jan 7;21(1):22. doi: 10.1186/s12864-019-6437-z.,"BACKGROUND: Early sex differentiation genes of zebrafish remain an unsolved mystery due to the difficulty to distinguish the sex of juvenile zebrafish. However, aromatase inhibitors (AIs) could direct juvenile zebrafish sex differentiation to male and even induce ovary-to-testis reversal in adult zebrafish. RESULTS: In order to determine the transcriptomic changes of sex differentiation in juvenile zebrafish and early sex-reversal in adult zebrafish, we sequenced the transcriptomes of juvenile and adult zebrafish treated with AI exemestane (EM) for 32 days, when juvenile zebrafish sex differentiation finished. EM treatment in females up-regulated the expression of genes involved in estrogen metabolic process, female gamete generation and oogenesis, including gsdf, macf1a and paqr5a, while down-regulated the expression of vitellogenin (vtg) genes, including vtg6, vtg2, vtg4, and vtg7 due to the lower level of Estradiol (E2). Furthermore, EM-juveniles showed up-regulation in genes related to cell death and apoptosis, such as bcl2l16 and anax1c, while the control-juveniles exhibited up-regulation of genes involved in positive regulation of reproductive process and oocyte differentiation such as zar1 and zpcx. Moreover, EM-females showed higher enrichment than control females in genes involved in VEGF signaling pathway, glycosaminoglycan degradation, hedgehog signaling pathway, GnRH signaling pathway and steroid hormone biosynthesis. CONCLUSIONS: Our study shows anti-masculinization in EM-treated adult females but not in EM-treated juveniles. This may be responsible for the lower sex plasticity in adults than juveniles."
32194632,Beta-Hydroxysteroid Dehydrogenase Genes in Orange-Spotted Grouper (Epinephelus coioides): Genome-Wide Identification and Expression Analysis During Sex Reversal.,"Xiao L, Guo Y, Wang D, Zhao M, Hou X, Li S, Lin H, Zhang Y",Front Genet. 2020 Mar 4;11:161. doi: 10.3389/fgene.2020.00161. eCollection 2020.,"Beta-hydroxysteroid dehydrogenases (beta-HSDs) are a group of steroidogenic enzymes that are involved in steroid biosynthesis and metabolism, and play a crucial role in mammalian physiology and development, including sex determination and differentiation. In the present study, a genome-wide analysis identified the numbers of beta-hsd genes in orange-spotted grouper (Epinephelus coioides) (19), human (Homo sapiens) (22), mouse (Mus musculus) (24), chicken (Gallus gallus) (16), xenopus (Xenopus tropicalis) (24), coelacanth (Latimeria chalumnae) (17), spotted gar (Lepisosteus oculatus) (14), zebrafish (Danio rerio) (19), fugu (Takifugu rubripes) (19), tilapia (Oreochromis niloticus) (19), medaka (Oryzias latipes) (19), stickleback (Gasterosteus aculeatus) (17) and common carp (Cyprinus carpio) (27) samples. A comparative analysis revealed that the number of beta-hsd genes in teleost fish was no greater than in tetrapods due to gene loss followed by a teleost-specific whole-genome duplication event. Based on transcriptome data from grouper brain and gonad samples during sex reversal, six beta-hsd genes had relatively high expression levels in the brain, indicating that these genes may be required for neurogenesis or the maintenance of specific biological processes in the brain. In the gonad, two and eight beta-hsd genes were up- and downregulated, respectively, indicating their important roles in sex reversal. Our results demonstrated that beta-hsd genes may be involved in the sex reversal of grouper by regulating the synthesis and metabolism of sex steroid hormones."
32654587,Steroid androgen 17 alpha methyltestosterone used in fish farming induces biochemical alterations in zebrafish adults.,"Rivero-Wendt CLG, Miranda-Vilela AL, Domingues I, Oliveira R, Monteiro MS, Moura-Mello MAM, Matias R, Soares AMVM, Grisolia CK",J Environ Sci Health A Tox Hazard Subst Environ Eng. 2020 Jul 11:1-12. doi: 10.1080/10934529.2020.1790954.,"The 17 alpha methyltestosterone (MT) hormone is fed to Oreochromis niloticus larvae in fish farms with the purpose of inducing sex reversal. The aim of this study was to evaluate the toxicity and sub-lethality of MT (99.9% purity) and cMT (a commercial MT with 90% purity) in zebrafish (Danio rerio) adults, where the animals were exposed to concentrations of 0, 4, 23, 139, 833 and 5000 microg/L for 96 hours. Genotoxicity was evaluated by micronucleus test (MN), nuclear abnormalities (NA) and comet assay. A low genotoxic potential of MT was showed, inducing micronucleus, nuclear abnormalities and DNA damage in Danio rerio, depending on the use of MT or cMT, gender and tested concentrations. In the sub-lethality trials, there was a basal difference in the activity of the enzymatic biochemical markers for males and females, while the Glutatione S transferase (GST) activity decreased in all analyzed tissues, and for males the enzymatic activity decreased only in the intestine. Results suggest that MT has a toxic potential to fish because it alters enzymatic metabolic pathways and may pose a risk to the ecosystems."
