Pubmed_ID,Title,Author,Source,Abstract
10359848,Identification of a novel Sry-related gene and its germ cell-specific expression.,"Osaki E, Nishina Y, Inazawa J, Copeland NG, Gilbert DJ, Jenkins NA, Ohsugi M, Tezuka T, Yoshida M, Semba K",Nucleic Acids Res. 1999 Jun 15;27(12):2503-10. doi: 10.1093/nar/27.12.2503.,"Sox family proteins are characterized by a unique DNA-binding domain, a HMG box which shows at least 50% sequence similarity with mouse Sry, the sex-determining factor. At present almost 30 Sox genes have been identified. Members of this family have been shown to be conserved during evolution and to play key roles during animal development. Some are involved in human diseases, including sex reversal. Here we report the isolation of a novel member of the Sox gene family, Sox30, which may constitute a distinct subgroup of this family. Using a bacterially expressed DNA-binding domain of Sox30, we show that it is able to specifically recognize the ACAAT motif. Furthermore, Sox30 is capable of activating transcription from a synthetic promoter containing the ACAAT motif. The specific expression of Sox30 in normal testes, but not in maturing germ cell-deficient testes, suggests the involvement of Sox30 in differentiation of male germ cells. Mapping analyses revealed that the Sox30 gene is located on human chromosome 5 (5q33) and on mouse chromosome 11."
12900561,"Sex determination and sex chromosome evolution in the medaka, Oryzias latipes, and the platyfish, Xiphophorus maculatus.","Volff JN, Schartl M",Cytogenet Genome Res. 2002;99(1-4):170-7. doi: 10.1159/000071590.,"The first vertebrate master sex-determining gene different from Sry has been very recently discovered in a small aquarium fish, the medaka (Oryzias latipes). In this fish, the X and Y chromosomes apparently differ only by a 250-kb Y-specific region containing dmrt1bY (also called DMY and dmrt1Y), a male-specific copy of the autosomal gene dmrt1. Dmrt1 is a putative transcription factor probably involved in testis formation in different vertebrate lineages. Dmrt1bY is the only gene having escaped the drastic process of degeneration that devastated the small Y-specific region of the medaka. Mutations leading to truncation or lower expression of dmrt1bY result in XY male-to-female sex reversal. Hence, both genetic and functional evidences converge in making dmrt1bY an outstanding candidate for the function of a master sex-determining gene in fish. Nevertheless, dmrt1bY could not be detected in certain other Oryzias species or in more divergent fishes. Phylogenetic analysis revealed that the duplication of the autosomal dmrt1 that formed dmrt1bY is young in evolutionary terms. Hence, dmrt1bY is not the universal master sex-determining gene in fish. Because the classical fish models, such as zebrafish and pufferfish, are not very adequate to study the basis of genetic sex determination, alternative models, such as the platyfish (Xiphophorus maculatus), are re-emerging. In this fish, which is a well-suited laboratory organism, gene loci involved in pigmentation, melanoma formation, and sexual maturity have been mapped close to the master sex-determining gene. Interestingly, the platyfish can harbor three different sex chromosomes (W, X, and Y) in certain natural populations. Bacterial artificial chromosome contigs covering the sex-determining region of the platyfish are already available, and the positional cloning of the master sex-determining gene(s) should provide new insights into sex determination and sex chromosome evolution in fish and other vertebrates."
14684994,The rice field eel as a model system for vertebrate sexual development.,"Cheng H, Guo Y, Yu Q, Zhou R",Cytogenet Genome Res. 2003;101(3-4):274-7. doi: 10.1159/000074348.,"Complex developmental mechanisms of vertebrates are unraveled using comparative genomic approaches. Several teleosts, such as zebrafish, medaka and pufferfish, are used as genetic model systems because they are amenable to studies of gene function. The rice field eel, a freshwater fish, is emerging as a specific model system for studies of vertebrate sexual development because of its small genome size and naturally occurring sex reversal. Data presented here support the use of the rice field eel as another important fish model for comparative genome studies, especially in vertebrate sexual development. This model system is complementary rather than redundant."
16281973,Zebrafish sex determination and differentiation: involvement of FTZ-F1 genes.,"von Hofsten J, Olsson PE",Reprod Biol Endocrinol. 2005 Nov 10;3:63. doi: 10.1186/1477-7827-3-63.,"Sex determination is the process deciding the sex of a developing embryo. This is usually determined genetically; however it is a delicate process, which in many cases can be influenced by environmental factors. The mechanisms controlling zebrafish sex determination and differentiation are not known. To date no sex linked genes have been identified in zebrafish and no sex chromosomes have been identified. However, a number of genes, as presented here, have been linked to the process of sex determination or differentiation in zebrafish. The zebrafish FTZ-F1 genes are of central interest as they are involved in regulating interrenal development and thereby steroid biosynthesis, as well as that they show expression patterns congruent with reproductive tissue differentiation and function. Zebrafish can be sex reversed by exposure to estrogens, suggesting that the estrogen levels are crucial during sex differentiation. The Cyp19 gene product aromatase converts testosterone into 17 beta-estradiol, and when inhibited leads to male to female sex reversal. FTZ-F1 genes are strongly linked to steroid biosynthesis and the regulatory region of Cyp19 contains binding sites for FTZ-F1 genes, further linking FTZ-F1 to this process. The role of FTZ-F1 and other candidates for zebrafish sex determination and differentiation is in focus of this review."
19684455,Comparative aspects of gonadal sex differentiation in medaka: a conserved role of developing oocytes in sexual canalization.,"Saito D, Tanaka M",Sex Dev. 2009;3(2-3):99-107. doi: 10.1159/000223075. Epub 2009 Aug 10.,"Medaka is a differentiated gonochoristic species with a male heterogametic sex determination. Here, we review recent studies on gonadal sex differentiation in medaka, as well as the experimental sex-reversal models available for this organism. The accumulated literature on teleost gonadal development facilitates comparative interspecies studies. Among these, comparison between medaka and zebrafish is of special interest, because zebrafish is an undifferentiated gonochorist that, nevertheless, shares many similarities with medaka and is also used as a small fish model for developmental biology. Accordingly, here we focus on the comparative aspects of gonadal development in medaka and zebrafish. In medaka, oogenesis begins in female gonads, whereas oogenesis is suppressed and germ cells remain in an undifferentiated state in male gonads. In zebrafish, oogenesis begins in all individuals, regardless of their future sex, while actual sex differentiation begins later in gonadal development, which means that degeneration of immature oocytes occurs in presumptive males, while oogenesis proceeds to completion in presumptive females. Despite these apparent differences between medaka and zebrafish, the process of gonadal development comprises similar stages: early oogenesis, early aromatase expression, later oocyte development or loss, sexually dimorphic expression of somatic genes, and spermatogenesis. We propose the concept of canalization as a key to gaining a comprehensive understanding of gonadal sex differentiation. In this respect, the possible role of the male-determining gene DMY/dmrt1bY is also discussed."
20661450,Sex reversal in zebrafish fancl mutants is caused by Tp53-mediated germ cell apoptosis.,"Rodriguez-Mari A, Canestro C, Bremiller RA, Nguyen-Johnson A, Asakawa K, Kawakami K, Postlethwait JH",PLoS Genet. 2010 Jul 22;6(7):e1001034. doi: 10.1371/journal.pgen.1001034.,"The molecular genetic mechanisms of sex determination are not known for most vertebrates, including zebrafish. We identified a mutation in the zebrafish fancl gene that causes homozygous mutants to develop as fertile males due to female-to-male sex reversal. Fancl is a member of the Fanconi Anemia/BRCA DNA repair pathway. Experiments showed that zebrafish fancl was expressed in developing germ cells in bipotential gonads at the critical time of sexual fate determination. Caspase-3 immunoassays revealed increased germ cell apoptosis in fancl mutants that compromised oocyte survival. In the absence of oocytes surviving through meiosis, somatic cells of mutant gonads did not maintain expression of the ovary gene cyp19a1a and did not down-regulate expression of the early testis gene amh; consequently, gonads masculinized and became testes. Remarkably, results showed that the introduction of a tp53 (p53) mutation into fancl mutants rescued the sex-reversal phenotype by reducing germ cell apoptosis and, thus, allowed fancl mutants to become fertile females. Our results show that Fancl function is not essential for spermatogonia and oogonia to become sperm or mature oocytes, but instead suggest that Fancl function is involved in the survival of developing oocytes through meiosis. This work reveals that Tp53-mediated germ cell apoptosis induces sex reversal after the mutation of a DNA-repair pathway gene by compromising the survival of oocytes and suggests the existence of an oocyte-derived signal that biases gonad fate towards the female developmental pathway and thereby controls zebrafish sex determination."
21304996,Quantitative trait loci involved in sex determination and body growth in the gilthead sea bream (Sparus aurata L.) through targeted genome scan.,"Loukovitis D, Sarropoulou E, Tsigenopoulos CS, Batargias C, Magoulas A, Apostolidis AP, Chatziplis D, Kotoulas G",PLoS One. 2011 Jan 31;6(1):e16599. doi: 10.1371/journal.pone.0016599.,"Among vertebrates, teleost fish exhibit a considerably wide range of sex determination patterns that may be influenced by extrinsic parameters. However even for model fish species like the zebrafish Danio rerio the precise mechanisms involved in primary sex determination have not been studied extensively. The zebrafish, a gonochoristic species, is lacking discernible sex chromosomes and the sex of juvenile fish is difficult to determine. Sequential protandrous hermaphrodite species provide distinct determination of the gender and allow studying the sex determination process by looking at the mechanism of sex reversal. This is the first attempt to understand the genetic basis of phenotypic variation for sex determination and body weight in a sequential protandrous hermaphrodite species, the gilthead sea bream (Sparus aurata). This work demonstrates a fast and efficient strategy for Quantitative Trait Loci (QTL) detection in the gilthead sea bream, a non-model but target hermaphrodite fish species. Therefore a comparative mapping approach was performed to query syntenies against two other Perciformes, the European sea bass (Dicentrarchus labrax), a gonochoristic species and the Asian sea bass (Lates calcarifer) a protandrous hermaphrodite. In this manner two significant QTLs, one QTL affecting both body weight and sex and one QTL affecting sex, were detected on the same linkage group. The co-segregation of the two QTLs provides a genomic base to the observed genetic correlation between these two traits in sea bream as well as in other teleosts. The identification of QTLs linked to sex reversal and growth, will contribute significantly to a better understanding of the complex nature of sex determination in S. aurata where most individuals reverse to the female sex at the age of two years through development and maturation of the ovarian portion of the gonad and regression of the testicular area. [Genomic sequences reported in this manuscript have been submitted to GenBank under accession numbers HQ021443-HQ021749.]."
24085607,Heritable targeted inactivation of the rainbow trout (Oncorhynchus mykiss) master sex-determining gene using zinc-finger nucleases.,"Yano A, Nicol B, Jouanno E, Guiguen Y",Mar Biotechnol (NY). 2014 Apr;16(2):243-50. doi: 10.1007/s10126-013-9546-8. Epub 2013 Oct 2.,"Gene targeting is a powerful tool for analyzing gene function. Recently, new technology for gene targeting using engineered zinc-finger nucleases (ZFNs) has been described in fish species. However, it has not yet been widely used for cold water and slow developing species, such as Salmonidae. Here, we present the results of successful ZFN-mediated disruption of the sex-determining gene sdY (sexually dimorphic on the Y chromosome) in rainbow trout (Oncorhynchus mykiss). Three pairs of ZFN mRNA targeted to different regions of the sdY gene were injected into fertilized rainbow trout eggs. Sperm from 1-year-old male founders (parental generation one or P1) carrying a ZFN-induced mutation in their germline were then used to produce F1 non-mosaic animals. In these F1 populations, we characterized 14 different mutations in the sdY gene, including one mutation leading to the deletion of leucine 43 (L43) and 13 mutations at other target sites that had different effects on the SdY protein, i.e., amino acid insertions, deletions, and frameshift mutations producing premature stop codons in the mRNA. The gonadal phenotype analysis of the F1-mutated animals revealed that the single L43 amino acid deletion did not lead to a male-to-female sex reversal, but all other mutations induced a clear ovarian phenotype. These results show that targeted gene disruption using ZFN is efficient in rainbow trout but depends on the ZFN design. We also characterized new sdY mutations resulting in male-to-female sex reversal, and we conclude that L43 seems dispensable for SdY function."
25233988,Wild sex in zebrafish: loss of the natural sex determinant in domesticated strains.,"Wilson CA, High SK, McCluskey BM, Amores A, Yan YL, Titus TA, Anderson JL, Batzel P, Carvan MJ 3rd, Schartl M, Postlethwait JH",Genetics. 2014 Nov;198(3):1291-308. doi: 10.1534/genetics.114.169284. Epub 2014 Sep 18.,"Sex determination can be robustly genetic, strongly environmental, or genetic subject to environmental perturbation. The genetic basis of sex determination is unknown for zebrafish (Danio rerio), a model for development and human health. We used RAD-tag population genomics to identify sex-linked polymorphisms. After verifying this ""RAD-sex"" method on medaka (Oryzias latipes), we studied two domesticated zebrafish strains (AB and TU), two natural laboratory strains (WIK and EKW), and two recent isolates from nature (NA and CB). All four natural strains had a single sex-linked region at the right tip of chromosome 4, enabling sex genotyping by PCR. Genotypes for the single nucleotide polymorphism (SNP) with the strongest statistical association to sex suggested that wild zebrafish have WZ/ZZ sex chromosomes. In natural strains, ""male genotypes"" became males and some ""female genotypes"" also became males, suggesting that the environment or genetic background can cause female-to-male sex reversal. Surprisingly, TU and AB lacked detectable sex-linked loci. Phylogenomics rooted on D. nigrofasciatus verified that all strains are monophyletic. Because AB and TU branched as a monophyletic clade, we could not rule out shared loss of the wild sex locus in a common ancestor despite their independent domestication. Mitochondrial DNA sequences showed that investigated strains represent only one of the three identified zebrafish haplogroups. Results suggest that zebrafish in nature possess a WZ/ZZ sex-determination mechanism with a major determinant lying near the right telomere of chromosome 4 that was modified during domestication. Strains providing the zebrafish reference genome lack key components of the natural sex-determination system but may have evolved variant sex-determining mechanisms during two decades in laboratory culture."
25993524,Disruption of Zebrafish Follicle-Stimulating Hormone Receptor (fshr) But Not Luteinizing Hormone Receptor (lhcgr) Gene by TALEN Leads to Failed Follicle Activation in Females Followed by Sexual Reversal to Males.,"Zhang Z, Lau SW, Zhang L, Ge W",Endocrinology. 2015 Oct;156(10):3747-62. doi: 10.1210/en.2015-1039. Epub 2015 May 20.,"Gonadotropins are primary hormones that control vertebrate reproduction. In a recent study, we analyzed the impacts of FSH and LH on zebrafish reproduction by disrupting FSH and LH-beta genes (fshb and lhb) using transcription activator-like effector nuclease (TALEN) technology. Using the same approach, we successfully deleted FSH and LH receptor genes (fshr and lhcgr) in the present study. In contrast to the deficiency of its cognate ligand FSH, the fshr-deficient females showed a complete failure of follicle activation with all ovarian follicles arrested at the primary growth-previtellogenic transition, which is the marker for puberty onset in females. Interestingly, after blockade at the primary growth stage for varying times, all females reversed to males, and all these males were fertile. In fshr-deficient males, spermatogenesis was normal in adults, but the initiation of spermatogenesis in juveniles was retarded. In contrast to fshr, the deletion of the lhcgr gene alone caused no obvious phenotypes in both males and females; however, double mutation of fshr and lhcgr resulted in infertile males. In summary, our results in the present study showed that Fshr was indispensable to folliculogenesis and the disruption of the fshr gene resulted in a complete failure of follicle activation followed by masculinization into males. In contrast, lhcgr does not seem to be essential to zebrafish reproduction in both males and females. Neither Fshr nor Lhcgr deficiency could phenocopy the deficiency of their cognate ligands FSH and LH, which is likely due to the fact that Fshr can be activated by both FSH and LH in the zebrafish."
27383240,Perchlorate Exposure Reduces Primordial Germ Cell Number in Female Threespine Stickleback.,"Petersen AM, Earp NC, Redmond ME, Postlethwait JH, von Hippel FA, Buck CL, Cresko WA",PLoS One. 2016 Jul 6;11(7):e0157792. doi: 10.1371/journal.pone.0157792. eCollection 2016.,"Perchlorate is a common aquatic contaminant that has long been known to affect thyroid function in vertebrates, including humans. More recently perchlorate has been shown to affect primordial sexual differentiation in the aquatic model fishes zebrafish and threespine stickleback, but the mechanism has been unclear. Stickleback exposed to perchlorate from fertilization have increased androgen levels in the embryo and disrupted reproductive morphologies as adults, suggesting that perchlorate could disrupt the earliest stages of primordial sexual differentiation when primordial germ cells (PGCs) begin to form the gonad. Female stickleback have three to four times the number of PGCs as males during the first weeks of development. We hypothesized that perchlorate exposure affects primordial sexual differentiation by reducing the number of germ cells in the gonad during an important window of stickleback sex determination at 14-18 days post fertilization (dpf). We tested this hypothesis by quantifying the number of PGCs at 16 dpf in control and 100 mg/L perchlorate-treated male and female stickleback. Perchlorate exposure from the time of fertilization resulted in significantly reduced PGC number only in genotypic females, suggesting that the masculinizing effects of perchlorate observed in adult stickleback may result from early changes to the number of PGCs at a time critical for sex determination. To our knowledge, this is the first evidence of a connection between an endocrine disruptor and reduction in PGC number prior to the first meiosis during sex determination. These findings suggest that a mode of action of perchlorate on adult reproductive phenotypes in vertebrates, including humans, such as altered fecundity and sex reversal or intersex gonads, may stem from early changes to germ cell development."
28115725,Heat-induced masculinization in domesticated zebrafish is family-specific and yields a set of different gonadal transcriptomes.,"Ribas L, Liew WC, Diaz N, Sreenivasan R, Orban L, Piferrer F",Proc Natl Acad Sci U S A. 2017 Feb 7;114(6):E941-E950. doi: 10.1073/pnas.1609411114. Epub 2017 Jan 23.,"Understanding environmental influences on sex ratios is important for the study of the evolution of sex-determining mechanisms and for evaluating the effects of global warming and chemical pollution. Fishes exhibit sexual plasticity, but the underlying mechanisms of environmental effects on their reproduction are unclear even in the well-established teleost research model, the zebrafish. Here we established the conditions to study the effects of elevated temperature on zebrafish sex. We showed that sex ratio response to elevated temperature is family-specific and typically leads to masculinization (female-to-male sex reversal), resulting in neomales. These results uncovered genotype-by-environment interactions that support a polygenic sex determination system in domesticated (laboratory) zebrafish. We found that some heat-treated fish had gene expression profiles similar to untreated controls of the same sex, indicating that they were resistant to thermal effects. Further, most neomales had gonadal transcriptomes similar to that of regular males. Strikingly, we discovered heat-treated females that displayed a normal ovarian phenotype but with a ""male-like"" gonadal transcriptome. Such major transcriptomic reprogramming with preserved organ structure has never been reported. Juveniles were also found to have a male-like transcriptome shortly after exposure to heat. These findings were validated by analyzing the expression of genes and signaling pathways associated with sex differentiation. Our results revealed a lasting thermal effect on zebrafish gonads, suggesting new avenues for detection of functional consequences of elevated temperature in natural fish populations in a global warming scenario."
28193729,"Sequential, Divergent, and Cooperative Requirements of Foxl2a and Foxl2b in Ovary Development and Maintenance of Zebrafish.","Yang YJ, Wang Y, Li Z, Zhou L, Gui JF",Genetics. 2017 Apr;205(4):1551-1572. doi: 10.1534/genetics.116.199133. Epub 2017 Feb 13.,"Foxl2 is essential for mammalian ovary maintenance. Although sexually dimorphic expression of foxl2 was observed in many teleosts, its role and regulative mechanism in fish remained largely unclear. In this study, we first identified two transcript variants of foxl2a and its homologous gene foxl2b in zebrafish, and revealed their specific expression in follicular layer cells in a sequential and divergent fashion during ovary differentiation, maturation, and maintenance. Then, homozygous foxl2a mutants (foxl2a(-/-)) and foxl2b mutants (foxl2b(-/-)) were constructed and detailed comparisons, such as sex ratio, gonadal histological structure, transcriptome profiling, and dynamic expression of gonadal development-related genes, were carried out. Initial ovarian differentiation and oocyte development occur normally both in foxl2a(-/-) and foxl2b(-/-) mutants, but foxl2a and foxl2b disruptions result in premature ovarian failure and partial sex reversal, respectively, in adult females. In foxl2a(-/-) female mutants, sox9a-amh/cyp19a1a signaling was upregulated at 150 days postfertilization (dpf) and subsequently oocyte apoptosis was triggered after 180 dpf. In contrast, dmrt1 expression was greater at 105 dpf and increased several 100-fold in foxl2b(-/-) mutated ovaries at 270 dpf, along with other testis-related genes. Finally, homozygous foxl2a(-/-)/foxl2b(-/-) double mutants were constructed in which complete sex reversal occurs early and testis-differentiation genes robustly increase at 60 dpf. Given mutual compensation between foxl2a and foxl2b in foxl2b(-/-) and foxl2a(-/-) mutants, we proposed a model in which foxl2a and foxl2b cooperate to regulate zebrafish ovary development and maintenance, with foxl2b potentially having a dominant role in preventing the ovary from differentiating as testis, as compared to foxl2a."
28398516,Functional Analysis of Nuclear Estrogen Receptors in Zebrafish Reproduction by Genome Editing Approach.,"Lu H, Cui Y, Jiang L, Ge W",Endocrinology. 2017 Jul 1;158(7):2292-2308. doi: 10.1210/en.2017-00215.,"Estrogens signal through both nuclear and membrane receptors with most reported effects being mediated via the nuclear estrogen receptors (nERs). Although much work has been reported on nERs in the zebrafish, there is a lack of direct genetic evidence for their functional roles and importance in reproduction. To address this issue, we undertook this study to disrupt all three nERs in the zebrafish, namely esr1 (ERalpha), esr2a (ERbetaII), and esr2b (ERbetaI), by the genome-editing technology clustered regularly interspaced short palindromic repeats and its associated nuclease (CRISPR/Cas9). Using this loss-of-function genetic approach, we successfully created three mutant zebrafish lines with each nER knocked out. In addition, we also generated all possible double and triple knockouts of the three nERs. The phenotypes of these mutants in reproduction were analyzed in all single, double, and triple nER knockouts in both females and males. Surprisingly, all three single nER mutant fish lines display normal reproductive development and function in both females and males, suggesting functional redundancy among these nERs. Further analysis of double and triple knockouts showed that nERs, especially Esr2a and Esr2b, were essential for female reproduction, and loss of these two nERs led to an arrest of folliculogenesis at previtellogenic stage II followed by sex reversal from female to male. In addition, the current study also revealed a unique role for Esr2a in follicle cell proliferation and transdifferentiation, follicle growth, and chorion formation. Taken together, this study provides the most comprehensive genetic analysis for differential functions of esr1, esr2a, and esr2b in fish reproduction."
28738802,Histological and transcriptomic effects of 17alpha-methyltestosterone on zebrafish gonad development.,"Lee SLJ, Horsfield JA, Black MA, Rutherford K, Fisher A, Gemmell NJ",BMC Genomics. 2017 Jul 24;18(1):557. doi: 10.1186/s12864-017-3915-z.,"BACKGROUND: Sex hormones play important roles in teleost ovarian and testicular development. In zebrafish, ovarian differentiation appears to be dictated by an oocyte-derived signal via Cyp19a1a aromatase-mediated estrogen production. Androgens and aromatase inhibitors can induce female-to-male sex reversal, however, the mechanisms underlying gonadal masculinisation are poorly understood. We used histological analyses together with RNA sequencing to characterise zebrafish gonadal transcriptomes and investigate the effects of 17alpha-methyltestosterone on gonadal differentiation. RESULTS: At a morphological level, 17alpha-methyltestosterone (MT) masculinised gonads and accelerated spermatogenesis, and these changes were paralleled in masculinisation and de-feminisation of gonadal transcriptomes. MT treatment upregulated expression of genes involved in male sex determination and differentiation (amh, dmrt1, gsdf and wt1a) and those involved in 11-oxygenated androgen production (cyp11c1 and hsd11b2). It also repressed expression of ovarian development and folliculogenesis genes (bmp15, gdf9, figla, zp2.1 and zp3b). Furthermore, MT treatment altered epigenetic modification of histones in zebrafish gonads. Contrary to expectations, higher levels of cyp19a1a or foxl2 expression in control ovaries compared to MT-treated testes and control testes were not statistically significant during early gonad development (40 dpf). CONCLUSION: Our study suggests that both androgen production and aromatase inhibition are important for androgen-induced gonadal masculinisation and natural testicular differentiation in zebrafish."
28838139,Mutation of foxl2 or cyp19a1a Results in Female to Male Sex Reversal in XX Nile Tilapia.,"Zhang X, Li M, Ma H, Liu X, Shi H, Li M, Wang D",Endocrinology. 2017 Aug 1;158(8):2634-2647. doi: 10.1210/en.2017-00127.,"It is well accepted that Forkhead box protein L2 (Foxl2) and aromatase (Cyp19a1; the enzyme responsible for estrogen synthesis) are critical for ovarian development in vertebrates. Knockouts of Foxl2 and Cyp19a1 in goat, mouse, and zebrafish have revealed similar but not identical functions across species. Functional analyses of these two genes in other animals are needed to elucidate their conserved roles in vertebrate sexual development. In this study, we established foxl2 and cyp19a1a mutant lines in Nile tilapia. Both foxl2-/- and cyp19a1a-/- XX fish displayed female-to-male sex reversal. Sf1, Dmrt1, and Gsdf were upregulated in the foxl2-/- and the cyp19a1a-/- XX gonads. Downregulation of Cyp19a1a and serum estradiol-17beta level, and upregulation of Cyp11b2 and serum 11-ketotestosterone level were observed in foxl2-/- XX fish. The mutant phenotype of foxl2-/- XX individuals could be rescued by 17beta-estradiol treatment from 5 to 30 days after hatching (dah). Upregulation of Star1, the enzyme involved in androgen production in tilapia, was also observed in the foxl2-/- XX gonad at 30 and 90 dah. In vitro promoter analyses consistently demonstrated that Foxl2 could suppress the transcription of star1 in a dose-dependent manner. In addition, compared with the control XX gonad, fewer germ cells were detected in the foxl2-/- XX, cyp19a1a-/- XX, and control XY gonads 10 dah. These results demonstrate that Foxl2 promotes ovarian development by upregulating Cyp19a1a expression and repressing male pathway gene expression. These results extend the study of Foxl2 and Cyp19a1a loss of function to a commercially important fish species."
30540754,"Multiplexed CRISPR/Cas9-mediated knockout of 19 Fanconi anemia pathway genes in zebrafish revealed their roles in growth, sexual development and fertility.","Ramanagoudr-Bhojappa R, Carrington B, Ramaswami M, Bishop K, Robbins GM, Jones M, Harper U, Frederickson SC, Kimble DC, Sood R, Chandrasekharappa SC",PLoS Genet. 2018 Dec 12;14(12):e1007821. doi: 10.1371/journal.pgen.1007821. eCollection 2018 Dec.,"Fanconi Anemia (FA) is a genomic instability syndrome resulting in aplastic anemia, developmental abnormalities, and predisposition to hematological and other solid organ malignancies. Mutations in genes that encode proteins of the FA pathway fail to orchestrate the repair of DNA damage caused by DNA interstrand crosslinks. Zebrafish harbor homologs for nearly all known FA genes. We used multiplexed CRISPR/Cas9-mediated mutagenesis to generate loss-of-function mutants for 17 FA genes: fanca, fancb, fancc, fancd1/brca2, fancd2, fance, fancf, fancg, fanci, fancj/brip1, fancl, fancm, fancn/palb2, fanco/rad51c, fancp/slx4, fancq/ercc4, fanct/ube2t, and two genes encoding FA-associated proteins: faap100 and faap24. We selected two indel mutations predicted to cause premature truncations for all but two of the genes, and a total of 36 mutant lines were generated for 19 genes. Generating two independent mutant lines for each gene was important to validate their phenotypic consequences. RT-PCR from homozygous mutant fish confirmed the presence of transcripts with indels in all genes. Interestingly, 4 of the indel mutations led to aberrant splicing, which may produce a different protein than predicted from the genomic sequence. Analysis of RNA is thus critical in proper evaluation of the consequences of the mutations introduced in zebrafish genome. We used fluorescent reporter assay, and western blots to confirm loss-of-function for several mutants. Additionally, we developed a DEB treatment assay by evaluating morphological changes in embryos and confirmed that homozygous mutants from all the FA genes that could be tested (11/17), displayed hypersensitivity and thus were indeed null alleles. Our multiplexing strategy helped us to evaluate 11 multiple gene knockout combinations without additional breeding. Homozygous zebrafish for all 19 single and 11 multi-gene knockouts were adult viable, indicating FA genes in zebrafish are generally not essential for early development. None of the mutant fish displayed gross developmental abnormalities except for fancp-/- fish, which were significantly smaller in length than their wildtype clutch mates. Complete female-to-male sex reversal was observed in knockouts for 12/17 FA genes, while partial sex reversal was seen for the other five gene knockouts. All adult females were fertile, and among the adult males, all were fertile except for the fancd1 mutants and one of the fancj mutants. We report here generation and characterization of zebrafish knockout mutants for 17 FA disease-causing genes, providing an integral resource for understanding the pathophysiology associated with the disrupted FA pathway."
31910818,Anti-masculinization induced by aromatase inhibitors in adult female zebrafish.,"Chen L, Wang L, Cheng Q, Tu YX, Yang Z, Li RZ, Luo ZH, Chen ZX",BMC Genomics. 2020 Jan 7;21(1):22. doi: 10.1186/s12864-019-6437-z.,"BACKGROUND: Early sex differentiation genes of zebrafish remain an unsolved mystery due to the difficulty to distinguish the sex of juvenile zebrafish. However, aromatase inhibitors (AIs) could direct juvenile zebrafish sex differentiation to male and even induce ovary-to-testis reversal in adult zebrafish. RESULTS: In order to determine the transcriptomic changes of sex differentiation in juvenile zebrafish and early sex-reversal in adult zebrafish, we sequenced the transcriptomes of juvenile and adult zebrafish treated with AI exemestane (EM) for 32 days, when juvenile zebrafish sex differentiation finished. EM treatment in females up-regulated the expression of genes involved in estrogen metabolic process, female gamete generation and oogenesis, including gsdf, macf1a and paqr5a, while down-regulated the expression of vitellogenin (vtg) genes, including vtg6, vtg2, vtg4, and vtg7 due to the lower level of Estradiol (E2). Furthermore, EM-juveniles showed up-regulation in genes related to cell death and apoptosis, such as bcl2l16 and anax1c, while the control-juveniles exhibited up-regulation of genes involved in positive regulation of reproductive process and oocyte differentiation such as zar1 and zpcx. Moreover, EM-females showed higher enrichment than control females in genes involved in VEGF signaling pathway, glycosaminoglycan degradation, hedgehog signaling pathway, GnRH signaling pathway and steroid hormone biosynthesis. CONCLUSIONS: Our study shows anti-masculinization in EM-treated adult females but not in EM-treated juveniles. This may be responsible for the lower sex plasticity in adults than juveniles."
32194632,Beta-Hydroxysteroid Dehydrogenase Genes in Orange-Spotted Grouper (Epinephelus coioides): Genome-Wide Identification and Expression Analysis During Sex Reversal.,"Xiao L, Guo Y, Wang D, Zhao M, Hou X, Li S, Lin H, Zhang Y",Front Genet. 2020 Mar 4;11:161. doi: 10.3389/fgene.2020.00161. eCollection 2020.,"Beta-hydroxysteroid dehydrogenases (beta-HSDs) are a group of steroidogenic enzymes that are involved in steroid biosynthesis and metabolism, and play a crucial role in mammalian physiology and development, including sex determination and differentiation. In the present study, a genome-wide analysis identified the numbers of beta-hsd genes in orange-spotted grouper (Epinephelus coioides) (19), human (Homo sapiens) (22), mouse (Mus musculus) (24), chicken (Gallus gallus) (16), xenopus (Xenopus tropicalis) (24), coelacanth (Latimeria chalumnae) (17), spotted gar (Lepisosteus oculatus) (14), zebrafish (Danio rerio) (19), fugu (Takifugu rubripes) (19), tilapia (Oreochromis niloticus) (19), medaka (Oryzias latipes) (19), stickleback (Gasterosteus aculeatus) (17) and common carp (Cyprinus carpio) (27) samples. A comparative analysis revealed that the number of beta-hsd genes in teleost fish was no greater than in tetrapods due to gene loss followed by a teleost-specific whole-genome duplication event. Based on transcriptome data from grouper brain and gonad samples during sex reversal, six beta-hsd genes had relatively high expression levels in the brain, indicating that these genes may be required for neurogenesis or the maintenance of specific biological processes in the brain. In the gonad, two and eight beta-hsd genes were up- and downregulated, respectively, indicating their important roles in sex reversal. Our results demonstrated that beta-hsd genes may be involved in the sex reversal of grouper by regulating the synthesis and metabolism of sex steroid hormones."
