Pubmed_ID,Title,Author,Source,Abstract
10359848,Identification of a novel Sry-related gene and its germ cell-specific expression.,"Osaki E, Nishina Y, Inazawa J, Copeland NG, Gilbert DJ, Jenkins NA, Ohsugi M, Tezuka T, Yoshida M, Semba K",Nucleic Acids Res. 1999 Jun 15;27(12):2503-10. doi: 10.1093/nar/27.12.2503.,"Sox family proteins are characterized by a unique DNA-binding domain, a HMG box which shows at least 50% sequence similarity with mouse Sry, the sex-determining factor. At present almost 30 Sox genes have been identified. Members of this family have been shown to be conserved during evolution and to play key roles during animal development. Some are involved in human diseases, including sex reversal. Here we report the isolation of a novel member of the Sox gene family, Sox30, which may constitute a distinct subgroup of this family. Using a bacterially expressed DNA-binding domain of Sox30, we show that it is able to specifically recognize the ACAAT motif. Furthermore, Sox30 is capable of activating transcription from a synthetic promoter containing the ACAAT motif. The specific expression of Sox30 in normal testes, but not in maturing germ cell-deficient testes, suggests the involvement of Sox30 in differentiation of male germ cells. Mapping analyses revealed that the Sox30 gene is located on human chromosome 5 (5q33) and on mouse chromosome 11."
12900561,"Sex determination and sex chromosome evolution in the medaka, Oryzias latipes, and the platyfish, Xiphophorus maculatus.","Volff JN, Schartl M",Cytogenet Genome Res. 2002;99(1-4):170-7. doi: 10.1159/000071590.,"The first vertebrate master sex-determining gene different from Sry has been very recently discovered in a small aquarium fish, the medaka (Oryzias latipes). In this fish, the X and Y chromosomes apparently differ only by a 250-kb Y-specific region containing dmrt1bY (also called DMY and dmrt1Y), a male-specific copy of the autosomal gene dmrt1. Dmrt1 is a putative transcription factor probably involved in testis formation in different vertebrate lineages. Dmrt1bY is the only gene having escaped the drastic process of degeneration that devastated the small Y-specific region of the medaka. Mutations leading to truncation or lower expression of dmrt1bY result in XY male-to-female sex reversal. Hence, both genetic and functional evidences converge in making dmrt1bY an outstanding candidate for the function of a master sex-determining gene in fish. Nevertheless, dmrt1bY could not be detected in certain other Oryzias species or in more divergent fishes. Phylogenetic analysis revealed that the duplication of the autosomal dmrt1 that formed dmrt1bY is young in evolutionary terms. Hence, dmrt1bY is not the universal master sex-determining gene in fish. Because the classical fish models, such as zebrafish and pufferfish, are not very adequate to study the basis of genetic sex determination, alternative models, such as the platyfish (Xiphophorus maculatus), are re-emerging. In this fish, which is a well-suited laboratory organism, gene loci involved in pigmentation, melanoma formation, and sexual maturity have been mapped close to the master sex-determining gene. Interestingly, the platyfish can harbor three different sex chromosomes (W, X, and Y) in certain natural populations. Bacterial artificial chromosome contigs covering the sex-determining region of the platyfish are already available, and the positional cloning of the master sex-determining gene(s) should provide new insights into sex determination and sex chromosome evolution in fish and other vertebrates."
14684994,The rice field eel as a model system for vertebrate sexual development.,"Cheng H, Guo Y, Yu Q, Zhou R",Cytogenet Genome Res. 2003;101(3-4):274-7. doi: 10.1159/000074348.,"Complex developmental mechanisms of vertebrates are unraveled using comparative genomic approaches. Several teleosts, such as zebrafish, medaka and pufferfish, are used as genetic model systems because they are amenable to studies of gene function. The rice field eel, a freshwater fish, is emerging as a specific model system for studies of vertebrate sexual development because of its small genome size and naturally occurring sex reversal. Data presented here support the use of the rice field eel as another important fish model for comparative genome studies, especially in vertebrate sexual development. This model system is complementary rather than redundant."
16281973,Zebrafish sex determination and differentiation: involvement of FTZ-F1 genes.,"von Hofsten J, Olsson PE",Reprod Biol Endocrinol. 2005 Nov 10;3:63. doi: 10.1186/1477-7827-3-63.,"Sex determination is the process deciding the sex of a developing embryo. This is usually determined genetically; however it is a delicate process, which in many cases can be influenced by environmental factors. The mechanisms controlling zebrafish sex determination and differentiation are not known. To date no sex linked genes have been identified in zebrafish and no sex chromosomes have been identified. However, a number of genes, as presented here, have been linked to the process of sex determination or differentiation in zebrafish. The zebrafish FTZ-F1 genes are of central interest as they are involved in regulating interrenal development and thereby steroid biosynthesis, as well as that they show expression patterns congruent with reproductive tissue differentiation and function. Zebrafish can be sex reversed by exposure to estrogens, suggesting that the estrogen levels are crucial during sex differentiation. The Cyp19 gene product aromatase converts testosterone into 17 beta-estradiol, and when inhibited leads to male to female sex reversal. FTZ-F1 genes are strongly linked to steroid biosynthesis and the regulatory region of Cyp19 contains binding sites for FTZ-F1 genes, further linking FTZ-F1 to this process. The role of FTZ-F1 and other candidates for zebrafish sex determination and differentiation is in focus of this review."
19684455,Comparative aspects of gonadal sex differentiation in medaka: a conserved role of developing oocytes in sexual canalization.,"Saito D, Tanaka M",Sex Dev. 2009;3(2-3):99-107. doi: 10.1159/000223075. Epub 2009 Aug 10.,"Medaka is a differentiated gonochoristic species with a male heterogametic sex determination. Here, we review recent studies on gonadal sex differentiation in medaka, as well as the experimental sex-reversal models available for this organism. The accumulated literature on teleost gonadal development facilitates comparative interspecies studies. Among these, comparison between medaka and zebrafish is of special interest, because zebrafish is an undifferentiated gonochorist that, nevertheless, shares many similarities with medaka and is also used as a small fish model for developmental biology. Accordingly, here we focus on the comparative aspects of gonadal development in medaka and zebrafish. In medaka, oogenesis begins in female gonads, whereas oogenesis is suppressed and germ cells remain in an undifferentiated state in male gonads. In zebrafish, oogenesis begins in all individuals, regardless of their future sex, while actual sex differentiation begins later in gonadal development, which means that degeneration of immature oocytes occurs in presumptive males, while oogenesis proceeds to completion in presumptive females. Despite these apparent differences between medaka and zebrafish, the process of gonadal development comprises similar stages: early oogenesis, early aromatase expression, later oocyte development or loss, sexually dimorphic expression of somatic genes, and spermatogenesis. We propose the concept of canalization as a key to gaining a comprehensive understanding of gonadal sex differentiation. In this respect, the possible role of the male-determining gene DMY/dmrt1bY is also discussed."
20661450,Sex reversal in zebrafish fancl mutants is caused by Tp53-mediated germ cell apoptosis.,"Rodriguez-Mari A, Canestro C, Bremiller RA, Nguyen-Johnson A, Asakawa K, Kawakami K, Postlethwait JH",PLoS Genet. 2010 Jul 22;6(7):e1001034. doi: 10.1371/journal.pgen.1001034.,"The molecular genetic mechanisms of sex determination are not known for most vertebrates, including zebrafish. We identified a mutation in the zebrafish fancl gene that causes homozygous mutants to develop as fertile males due to female-to-male sex reversal. Fancl is a member of the Fanconi Anemia/BRCA DNA repair pathway. Experiments showed that zebrafish fancl was expressed in developing germ cells in bipotential gonads at the critical time of sexual fate determination. Caspase-3 immunoassays revealed increased germ cell apoptosis in fancl mutants that compromised oocyte survival. In the absence of oocytes surviving through meiosis, somatic cells of mutant gonads did not maintain expression of the ovary gene cyp19a1a and did not down-regulate expression of the early testis gene amh; consequently, gonads masculinized and became testes. Remarkably, results showed that the introduction of a tp53 (p53) mutation into fancl mutants rescued the sex-reversal phenotype by reducing germ cell apoptosis and, thus, allowed fancl mutants to become fertile females. Our results show that Fancl function is not essential for spermatogonia and oogonia to become sperm or mature oocytes, but instead suggest that Fancl function is involved in the survival of developing oocytes through meiosis. This work reveals that Tp53-mediated germ cell apoptosis induces sex reversal after the mutation of a DNA-repair pathway gene by compromising the survival of oocytes and suggests the existence of an oocyte-derived signal that biases gonad fate towards the female developmental pathway and thereby controls zebrafish sex determination."
21483806,"Roles of brca2 (fancd1) in oocyte nuclear architecture, gametogenesis, gonad tumors, and genome stability in zebrafish.","Rodriguez-Mari A, Wilson C, Titus TA, Canestro C, BreMiller RA, Yan YL, Nanda I, Johnston A, Kanki JP, Gray EM, He X, Spitsbergen J, Schindler D, Postlethwait JH",PLoS Genet. 2011 Mar;7(3):e1001357. doi: 10.1371/journal.pgen.1001357. Epub 2011 Mar 31.,"Mild mutations in BRCA2 (FANCD1) cause Fanconi anemia (FA) when homozygous, while severe mutations cause common cancers including breast, ovarian, and prostate cancers when heterozygous. Here we report a zebrafish brca2 insertional mutant that shares phenotypes with human patients and identifies a novel brca2 function in oogenesis. Experiments showed that mutant embryos and mutant cells in culture experienced genome instability, as do cells in FA patients. In wild-type zebrafish, meiotic cells expressed brca2; and, unexpectedly, transcripts in oocytes localized asymmetrically to the animal pole. In juvenile brca2 mutants, oocytes failed to progress through meiosis, leading to female-to-male sex reversal. Adult mutants became sterile males due to the meiotic arrest of spermatocytes, which then died by apoptosis, followed by neoplastic proliferation of gonad somatic cells that was similar to neoplasia observed in ageing dead end (dnd)-knockdown males, which lack germ cells. The construction of animals doubly mutant for brca2 and the apoptotic gene tp53 (p53) rescued brca2-dependent sex reversal. Double mutants developed oocytes and became sterile females that produced only aberrant embryos and showed elevated risk for invasive ovarian tumors. Oocytes in double-mutant females showed normal localization of brca2 and pou5f1 transcripts to the animal pole and vasa transcripts to the vegetal pole, but had a polarized rather than symmetrical nucleus with the distribution of nucleoli and chromosomes to opposite nuclear poles; this result revealed a novel role for Brca2 in establishing or maintaining oocyte nuclear architecture. Mutating tp53 did not rescue the infertility phenotype in brca2 mutant males, suggesting that brca2 plays an essential role in zebrafish spermatogenesis. Overall, this work verified zebrafish as a model for the role of Brca2 in human disease and uncovered a novel function of Brca2 in vertebrate oocyte nuclear architecture."
24085607,Heritable targeted inactivation of the rainbow trout (Oncorhynchus mykiss) master sex-determining gene using zinc-finger nucleases.,"Yano A, Nicol B, Jouanno E, Guiguen Y",Mar Biotechnol (NY). 2014 Apr;16(2):243-50. doi: 10.1007/s10126-013-9546-8. Epub 2013 Oct 2.,"Gene targeting is a powerful tool for analyzing gene function. Recently, new technology for gene targeting using engineered zinc-finger nucleases (ZFNs) has been described in fish species. However, it has not yet been widely used for cold water and slow developing species, such as Salmonidae. Here, we present the results of successful ZFN-mediated disruption of the sex-determining gene sdY (sexually dimorphic on the Y chromosome) in rainbow trout (Oncorhynchus mykiss). Three pairs of ZFN mRNA targeted to different regions of the sdY gene were injected into fertilized rainbow trout eggs. Sperm from 1-year-old male founders (parental generation one or P1) carrying a ZFN-induced mutation in their germline were then used to produce F1 non-mosaic animals. In these F1 populations, we characterized 14 different mutations in the sdY gene, including one mutation leading to the deletion of leucine 43 (L43) and 13 mutations at other target sites that had different effects on the SdY protein, i.e., amino acid insertions, deletions, and frameshift mutations producing premature stop codons in the mRNA. The gonadal phenotype analysis of the F1-mutated animals revealed that the single L43 amino acid deletion did not lead to a male-to-female sex reversal, but all other mutations induced a clear ovarian phenotype. These results show that targeted gene disruption using ZFN is efficient in rainbow trout but depends on the ZFN design. We also characterized new sdY mutations resulting in male-to-female sex reversal, and we conclude that L43 seems dispensable for SdY function."
24263104,Sox9-related signaling controls zebrafish juvenile ovary-testis transformation.,"Sun D, Zhang Y, Wang C, Hua X, Zhang XA, Yan J",Cell Death Dis. 2013 Nov 21;4:e930. doi: 10.1038/cddis.2013.456.,"In almost all vertebrates, the downstream of the sox9 signaling axis is well conserved for testis differentiation. The upstream genes of this pathway vary from species to species during evolution. Yet, little is known about how these signaling cascades are regulated and what cellular processes are dominant in ovary-testis transformation in juvenile zebrafish. In this study, we find that the transforming gonads undergo activation of sox9a-expressing stromal cells with increased deposition of extracellular matrix and formation of degenerative compartments. This leads to follicle disassembly, oocyte degeneration, follicle cell-cyp19a1a-amh conversions, and, eventually, formation of the testis cord. In vitro primary culture of juvenile ovary tissue in gonadotropins increases cytoplasmic accumulation of sox9a and p-Erk1/2, and induces mesenchymal morphology. MAPK inhibitors (MKI), a mixture of PD98059 and U0216, eliminate the cytoplasmic distribution but do not eradicate nuclear localization of sox9a and p-Erk1/2. Nuclear p53 are relatively increased in MKI-treated cells that exhibit less spreading and reduced proliferation. Despite uniform nuclear condensation, only a fraction of cells displayed the apoptotic phenotype. These results suggest that high levels of cytoplasmic sox9a and p-Erk1/2 activity activate stromal cells and enhance the production of extracellular matrix required for testis cord formation, whereas deregulation and translocation of sox9a and p-Erk1/2 induce follicle disassembly and incomplete apoptosis associated with nuclear p53. Together with the established FSH/cAMP/MAPK/AMH pathway in mammalian granulosa and Sertoli cells, we demonstrated that the sox9 axis signaling that determines testis formation in mammals also induces zebrafish ovary-testis transition, and adds to its conserved role in sex reversal."
26163149,The progestin levonorgestrel affects sex differentiation in zebrafish at environmentally relevant concentrations.,"Hua J, Han J, Guo Y, Zhou B",Aquat Toxicol. 2015 Sep;166:1-9. doi: 10.1016/j.aquatox.2015.06.013. Epub 2015 Jun 30.,"Synthetic progestins have become widespread environmental contaminants and may cause adverse effects on fish. In the present study, we investigated the effects of levonorgestrel (LNG) on sex differentiation in zebrafish (Danio rerio). Embryos were exposed to LNG at environmentally relevant concentrations (0, 1, 10, 33, and 100ng/L) and allowed to develop until sexual maturity. Histological examination at 63 days post fertilization (dpf) caused complete sex reversal and 100% males were observed in the 10, 33 and 100ng/L treatments; gross morphological and histological examination of gonads at 142dpf further confirmed 100% males at these exposure concentrations. The results indicate androgenic activity of LNG, and masculinization during zebrafish gonadal differentiation. The mRNA expression levels of genes involved in fish sex differentiation and gonadal development were examined at 28 and 42dpf. Down-regulation of the mRNA expression of aromatase (e.g., cyp19a1a, cyp19a1b), the forkhead transcription factor gene L2 (foxl2) and the Fushi tarazu factor-1d (nr5a1b) were observed. In contrast, transcription of the doublesex and mab-3-related transcription factor 1 (dmrt1) gene was up-regulated. Androgen receptor (ar) mRNA expression was significantly down-regulated at 28 and 42dpf. Co-exposure to flutamide (an androgen antagonist) and LNG, led to a decrease in the sex inversion potency of LNG. Our study has demonstrated that environmentally relevant concentrations of LNG could alter sex differentiation and gonadal development in zebrafish. Our results also suggest a potentially high ecological risk of LNG to fish populations in LNG-contaminated aquatic environments."
26448558,The Effects of Synthetic Estrogen Exposure on the Sexually Dimorphic Liver Transcriptome of the Sex-Role-Reversed Gulf Pipefish.,"Rose E, Flanagan SP, Jones AG",PLoS One. 2015 Oct 8;10(10):e0139401. doi: 10.1371/journal.pone.0139401. eCollection 2015.,"Species exhibiting sex-role reversal provide an unusual perspective on the evolution of sex roles and sex differences. However, the proximate effects of sex-role reversal are largely unknown. Endocrine disruptors provide an experimental mechanism to address hormonal regulation of sexually dimorphic gene expression in sex-role-reversed taxa. Here, we investigate gene expression patterns in the liver of the sex-role-reversed Gulf pipefish, because the liver is known to be sexually dimorphic and estrogen-regulated in species with conventional sex roles. Using next-generation RNA-sequencing technology (RNA-seq), we detected sexually dimorphic hepatic gene expression patterns, with a total of 482 differentially expressed genes between the sexes in Gulf pipefish. Two-thirds of these genes were over-expressed in females, and the sex-specific transcriptomes of this sex-role-reversed pipefish's liver were superficially similar to those of fishes with conventional sex-roles. We exposed females, pregnant males, and non-pregnant males to 17alpha-ethinylestradiol (EE2) at ecologically relevant concentrations of 5ng/L and compared gene expression patterns in the livers of exposed fish to control fish. Several genes that were up-regulated in EE2-exposed males relative to control males were also found to be female-biased in control animals. These genes included several of the classic estrogen biomarkers, such as vitellogenin, choriogenin, and zona pellucida. Thus, estrogen exposure induced feminization of the male liver transcriptome in a sex-role-reversed pipefish. These results suggest that the ancestral state of estrogen-regulated female reproductive physiology has been retained in all sex-role-reversed vertebrates thus far studied, despite substantial evolution of the hormonal regulation of ornamentation and mating behavior in these interesting taxa."
27337697,Disruption of apoptosis pathways involved in zebrafish gonad differentiation by 17alpha-ethinylestradiol and fadrozole exposures.,"Luzio A, Matos M, Santos D, Fontainhas-Fernandes AA, Monteiro SM, Coimbra AM",Aquat Toxicol. 2016 Aug;177:269-84. doi: 10.1016/j.aquatox.2016.05.029. Epub 2016 Jun 3.,"Zebrafish (Danio rerio) sex determination seems to involve genetic factors (GSD) but also environmental factors (ESD), such as endocrine disrupting chemicals (EDCs) that are known to mimic endogenous hormones and disrupt gonad differentiation. Apoptosis has also been proposed to play a crucial role in zebrafish gonad differentiation. Nevertheless, the interactions between EDCs and apoptosis have received little attention. Thus, this study aimed to assess if and which apoptotic pathways are involved in zebrafish gonad differentiation and how EDCs may interfere with this process. With these purposes, zebrafish were exposed to 17alpha-ethinylestradiol (EE2, 4ng/L) and fadrozole (Fad, 50mug/L) from 2h to 35days post-fertilization (dpf). Afterwards, a gene expression analysis by qRT-PCR and a stereological analysis, based on systematic sampling and protein immunohistochemistry, were performed. The death receptors (FAS; TRADD), anti-apoptotic (BCL-2; MDM2), pro-apoptotic (CASP-2 and -6) and cell proliferation (BIRC5/survivin; JUN) genes and proteins were evaluated. In general, apoptosis was inhibited in females through the involvement of anti-apoptotic pathways, while in males apoptosis seemed to be crucial to the failure of the ""juvenile ovary"" development and the induction of testes transformation. The JUN protein was shown to be necessary in juvenile ovaries, while the BIRC5 protein seemed to be involved in zebrafish spermatogenesis. Both EDCs, EE2 and Fad, increased the apoptosis stimulus in zebrafish gonad. It was noticed that the few females that were resistant to Fad-induced sex reversal had increased anti-apoptotic factor levels, while males exposed to EE2 showed increased pro-apoptotic genes/proteins and were more advanced in gonad differentiation. Overall, our findings show that apoptosis pathways are involved in zebrafish gonad differentiation and that EDCs can disrupt this process."
27940159,Dmrt1 is necessary for male sexual development in zebrafish.,"Webster KA, Schach U, Ordaz A, Steinfeld JS, Draper BW, Siegfried KR",Dev Biol. 2017 Feb 1;422(1):33-46. doi: 10.1016/j.ydbio.2016.12.008. Epub 2016 Dec 8.,"The dmrt1 (doublesex and mab-3 related transcription factor 1) gene is a key regulator of sex determination and/or gonadal sex differentiation across metazoan animals. This is unusual given that sex determination genes are typically not well conserved. The mechanisms by which zebrafish sex is determined have remained elusive due to the lack of sex chromosomes and the complex polygenic nature of sex determination in domesticated strains. To investigate the role of dmrt1 in zebrafish sex determination and gonad development, we isolated mutations disrupting this gene. We found that the majority of dmrt1 mutant fish develop as fertile females suggesting a complete male-to-female sex reversal in mutant animals that would have otherwise developed as males. A small percentage of mutant animals became males, but were sterile and displayed testicular dysgenesis. Therefore zebrafish dmrt1 functions in male sex determination and testis development. Mutant males had aberrant gonadal development at the onset of gonadal sex-differentiation, displaying reduced oocyte apoptosis followed by development of intersex gonads and failed testis morphogenesis and spermatogenesis. By contrast, female ovaries developed normally. We found that Dmrt1 is necessary for normal transcriptional regulation of the amh (anti-Mullerian hormone) and foxl2 (forkhead box L2) genes, which are thought to be important for male or female sexual development respectively. Interestingly, we identified one dmrt1 mutant allele that co-operates with a linked segregation distorter locus to generate an apparent XY sex determination mechanism. We conclude that dmrt1 is dispensable for ovary development but necessary for testis development in zebrafish, and that dmrt1 promotes male development by transcriptionally regulating male and female genes as has been described in other animals. Furthermore, the strong sex-ratio bias caused by dmrt1 reduction-of-function points to potential mechanisms through which sex chromosomes may evolve."
28115725,Heat-induced masculinization in domesticated zebrafish is family-specific and yields a set of different gonadal transcriptomes.,"Ribas L, Liew WC, Diaz N, Sreenivasan R, Orban L, Piferrer F",Proc Natl Acad Sci U S A. 2017 Feb 7;114(6):E941-E950. doi: 10.1073/pnas.1609411114. Epub 2017 Jan 23.,"Understanding environmental influences on sex ratios is important for the study of the evolution of sex-determining mechanisms and for evaluating the effects of global warming and chemical pollution. Fishes exhibit sexual plasticity, but the underlying mechanisms of environmental effects on their reproduction are unclear even in the well-established teleost research model, the zebrafish. Here we established the conditions to study the effects of elevated temperature on zebrafish sex. We showed that sex ratio response to elevated temperature is family-specific and typically leads to masculinization (female-to-male sex reversal), resulting in neomales. These results uncovered genotype-by-environment interactions that support a polygenic sex determination system in domesticated (laboratory) zebrafish. We found that some heat-treated fish had gene expression profiles similar to untreated controls of the same sex, indicating that they were resistant to thermal effects. Further, most neomales had gonadal transcriptomes similar to that of regular males. Strikingly, we discovered heat-treated females that displayed a normal ovarian phenotype but with a ""male-like"" gonadal transcriptome. Such major transcriptomic reprogramming with preserved organ structure has never been reported. Juveniles were also found to have a male-like transcriptome shortly after exposure to heat. These findings were validated by analyzing the expression of genes and signaling pathways associated with sex differentiation. Our results revealed a lasting thermal effect on zebrafish gonads, suggesting new avenues for detection of functional consequences of elevated temperature in natural fish populations in a global warming scenario."
28193729,"Sequential, Divergent, and Cooperative Requirements of Foxl2a and Foxl2b in Ovary Development and Maintenance of Zebrafish.","Yang YJ, Wang Y, Li Z, Zhou L, Gui JF",Genetics. 2017 Apr;205(4):1551-1572. doi: 10.1534/genetics.116.199133. Epub 2017 Feb 13.,"Foxl2 is essential for mammalian ovary maintenance. Although sexually dimorphic expression of foxl2 was observed in many teleosts, its role and regulative mechanism in fish remained largely unclear. In this study, we first identified two transcript variants of foxl2a and its homologous gene foxl2b in zebrafish, and revealed their specific expression in follicular layer cells in a sequential and divergent fashion during ovary differentiation, maturation, and maintenance. Then, homozygous foxl2a mutants (foxl2a(-/-)) and foxl2b mutants (foxl2b(-/-)) were constructed and detailed comparisons, such as sex ratio, gonadal histological structure, transcriptome profiling, and dynamic expression of gonadal development-related genes, were carried out. Initial ovarian differentiation and oocyte development occur normally both in foxl2a(-/-) and foxl2b(-/-) mutants, but foxl2a and foxl2b disruptions result in premature ovarian failure and partial sex reversal, respectively, in adult females. In foxl2a(-/-) female mutants, sox9a-amh/cyp19a1a signaling was upregulated at 150 days postfertilization (dpf) and subsequently oocyte apoptosis was triggered after 180 dpf. In contrast, dmrt1 expression was greater at 105 dpf and increased several 100-fold in foxl2b(-/-) mutated ovaries at 270 dpf, along with other testis-related genes. Finally, homozygous foxl2a(-/-)/foxl2b(-/-) double mutants were constructed in which complete sex reversal occurs early and testis-differentiation genes robustly increase at 60 dpf. Given mutual compensation between foxl2a and foxl2b in foxl2b(-/-) and foxl2a(-/-) mutants, we proposed a model in which foxl2a and foxl2b cooperate to regulate zebrafish ovary development and maintenance, with foxl2b potentially having a dominant role in preventing the ovary from differentiating as testis, as compared to foxl2a."
28738802,Histological and transcriptomic effects of 17alpha-methyltestosterone on zebrafish gonad development.,"Lee SLJ, Horsfield JA, Black MA, Rutherford K, Fisher A, Gemmell NJ",BMC Genomics. 2017 Jul 24;18(1):557. doi: 10.1186/s12864-017-3915-z.,"BACKGROUND: Sex hormones play important roles in teleost ovarian and testicular development. In zebrafish, ovarian differentiation appears to be dictated by an oocyte-derived signal via Cyp19a1a aromatase-mediated estrogen production. Androgens and aromatase inhibitors can induce female-to-male sex reversal, however, the mechanisms underlying gonadal masculinisation are poorly understood. We used histological analyses together with RNA sequencing to characterise zebrafish gonadal transcriptomes and investigate the effects of 17alpha-methyltestosterone on gonadal differentiation. RESULTS: At a morphological level, 17alpha-methyltestosterone (MT) masculinised gonads and accelerated spermatogenesis, and these changes were paralleled in masculinisation and de-feminisation of gonadal transcriptomes. MT treatment upregulated expression of genes involved in male sex determination and differentiation (amh, dmrt1, gsdf and wt1a) and those involved in 11-oxygenated androgen production (cyp11c1 and hsd11b2). It also repressed expression of ovarian development and folliculogenesis genes (bmp15, gdf9, figla, zp2.1 and zp3b). Furthermore, MT treatment altered epigenetic modification of histones in zebrafish gonads. Contrary to expectations, higher levels of cyp19a1a or foxl2 expression in control ovaries compared to MT-treated testes and control testes were not statistically significant during early gonad development (40 dpf). CONCLUSION: Our study suggests that both androgen production and aromatase inhibition are important for androgen-induced gonadal masculinisation and natural testicular differentiation in zebrafish."
28838139,Mutation of foxl2 or cyp19a1a Results in Female to Male Sex Reversal in XX Nile Tilapia.,"Zhang X, Li M, Ma H, Liu X, Shi H, Li M, Wang D",Endocrinology. 2017 Aug 1;158(8):2634-2647. doi: 10.1210/en.2017-00127.,"It is well accepted that Forkhead box protein L2 (Foxl2) and aromatase (Cyp19a1; the enzyme responsible for estrogen synthesis) are critical for ovarian development in vertebrates. Knockouts of Foxl2 and Cyp19a1 in goat, mouse, and zebrafish have revealed similar but not identical functions across species. Functional analyses of these two genes in other animals are needed to elucidate their conserved roles in vertebrate sexual development. In this study, we established foxl2 and cyp19a1a mutant lines in Nile tilapia. Both foxl2-/- and cyp19a1a-/- XX fish displayed female-to-male sex reversal. Sf1, Dmrt1, and Gsdf were upregulated in the foxl2-/- and the cyp19a1a-/- XX gonads. Downregulation of Cyp19a1a and serum estradiol-17beta level, and upregulation of Cyp11b2 and serum 11-ketotestosterone level were observed in foxl2-/- XX fish. The mutant phenotype of foxl2-/- XX individuals could be rescued by 17beta-estradiol treatment from 5 to 30 days after hatching (dah). Upregulation of Star1, the enzyme involved in androgen production in tilapia, was also observed in the foxl2-/- XX gonad at 30 and 90 dah. In vitro promoter analyses consistently demonstrated that Foxl2 could suppress the transcription of star1 in a dose-dependent manner. In addition, compared with the control XX gonad, fewer germ cells were detected in the foxl2-/- XX, cyp19a1a-/- XX, and control XY gonads 10 dah. These results demonstrate that Foxl2 promotes ovarian development by upregulating Cyp19a1a expression and repressing male pathway gene expression. These results extend the study of Foxl2 and Cyp19a1a loss of function to a commercially important fish species."
29735715,ZNRF3 functions in mammalian sex determination by inhibiting canonical WNT signaling.,"Harris A, Siggers P, Corrochano S, Warr N, Sagar D, Grimes DT, Suzuki M, Burdine RD, Cong F, Koo BK, Clevers H, Stevant I, Nef S, Wells S, Brauner R, Ben Rhouma B, Belguith N, Eozenou C, Bignon-Topalovic J, Bashamboo A, McElreavey K, Greenfield A",Proc Natl Acad Sci U S A. 2018 May 22;115(21):5474-5479. doi: 10.1073/pnas.1801223115. Epub 2018 May 7.,"Mammalian sex determination is controlled by the antagonistic interactions of two genetic pathways: The SRY-SOX9-FGF9 network promotes testis determination partly by opposing proovarian pathways, while RSPO1/WNT-beta-catenin/FOXL2 signals control ovary development by inhibiting SRY-SOX9-FGF9. The molecular basis of this mutual antagonism is unclear. Here we show that ZNRF3, a WNT signaling antagonist and direct target of RSPO1-mediated inhibition, is required for sex determination in mice. XY mice lacking ZNRF3 exhibit complete or partial gonadal sex reversal, or related defects. These abnormalities are associated with ectopic WNT/beta-catenin activity and reduced Sox9 expression during fetal sex determination. Using exome sequencing of individuals with 46,XY disorders of sex development, we identified three human ZNRF3 variants in very rare cases of XY female presentation. We tested two missense variants and show that these disrupt ZNRF3 activity in both human cell lines and zebrafish embryo assays. Our data identify a testis-determining function for ZNRF3 and indicate a mechanism of direct molecular interaction between two mutually antagonistic organogenetic pathways."
31910818,Anti-masculinization induced by aromatase inhibitors in adult female zebrafish.,"Chen L, Wang L, Cheng Q, Tu YX, Yang Z, Li RZ, Luo ZH, Chen ZX",BMC Genomics. 2020 Jan 7;21(1):22. doi: 10.1186/s12864-019-6437-z.,"BACKGROUND: Early sex differentiation genes of zebrafish remain an unsolved mystery due to the difficulty to distinguish the sex of juvenile zebrafish. However, aromatase inhibitors (AIs) could direct juvenile zebrafish sex differentiation to male and even induce ovary-to-testis reversal in adult zebrafish. RESULTS: In order to determine the transcriptomic changes of sex differentiation in juvenile zebrafish and early sex-reversal in adult zebrafish, we sequenced the transcriptomes of juvenile and adult zebrafish treated with AI exemestane (EM) for 32 days, when juvenile zebrafish sex differentiation finished. EM treatment in females up-regulated the expression of genes involved in estrogen metabolic process, female gamete generation and oogenesis, including gsdf, macf1a and paqr5a, while down-regulated the expression of vitellogenin (vtg) genes, including vtg6, vtg2, vtg4, and vtg7 due to the lower level of Estradiol (E2). Furthermore, EM-juveniles showed up-regulation in genes related to cell death and apoptosis, such as bcl2l16 and anax1c, while the control-juveniles exhibited up-regulation of genes involved in positive regulation of reproductive process and oocyte differentiation such as zar1 and zpcx. Moreover, EM-females showed higher enrichment than control females in genes involved in VEGF signaling pathway, glycosaminoglycan degradation, hedgehog signaling pathway, GnRH signaling pathway and steroid hormone biosynthesis. CONCLUSIONS: Our study shows anti-masculinization in EM-treated adult females but not in EM-treated juveniles. This may be responsible for the lower sex plasticity in adults than juveniles."
32194632,Beta-Hydroxysteroid Dehydrogenase Genes in Orange-Spotted Grouper (Epinephelus coioides): Genome-Wide Identification and Expression Analysis During Sex Reversal.,"Xiao L, Guo Y, Wang D, Zhao M, Hou X, Li S, Lin H, Zhang Y",Front Genet. 2020 Mar 4;11:161. doi: 10.3389/fgene.2020.00161. eCollection 2020.,"Beta-hydroxysteroid dehydrogenases (beta-HSDs) are a group of steroidogenic enzymes that are involved in steroid biosynthesis and metabolism, and play a crucial role in mammalian physiology and development, including sex determination and differentiation. In the present study, a genome-wide analysis identified the numbers of beta-hsd genes in orange-spotted grouper (Epinephelus coioides) (19), human (Homo sapiens) (22), mouse (Mus musculus) (24), chicken (Gallus gallus) (16), xenopus (Xenopus tropicalis) (24), coelacanth (Latimeria chalumnae) (17), spotted gar (Lepisosteus oculatus) (14), zebrafish (Danio rerio) (19), fugu (Takifugu rubripes) (19), tilapia (Oreochromis niloticus) (19), medaka (Oryzias latipes) (19), stickleback (Gasterosteus aculeatus) (17) and common carp (Cyprinus carpio) (27) samples. A comparative analysis revealed that the number of beta-hsd genes in teleost fish was no greater than in tetrapods due to gene loss followed by a teleost-specific whole-genome duplication event. Based on transcriptome data from grouper brain and gonad samples during sex reversal, six beta-hsd genes had relatively high expression levels in the brain, indicating that these genes may be required for neurogenesis or the maintenance of specific biological processes in the brain. In the gonad, two and eight beta-hsd genes were up- and downregulated, respectively, indicating their important roles in sex reversal. Our results demonstrated that beta-hsd genes may be involved in the sex reversal of grouper by regulating the synthesis and metabolism of sex steroid hormones."
32654587,Steroid androgen 17 alpha methyltestosterone used in fish farming induces biochemical alterations in zebrafish adults.,"Rivero-Wendt CLG, Miranda-Vilela AL, Domingues I, Oliveira R, Monteiro MS, Moura-Mello MAM, Matias R, Soares AMVM, Grisolia CK",J Environ Sci Health A Tox Hazard Subst Environ Eng. 2020 Jul 11:1-12. doi: 10.1080/10934529.2020.1790954.,"The 17 alpha methyltestosterone (MT) hormone is fed to Oreochromis niloticus larvae in fish farms with the purpose of inducing sex reversal. The aim of this study was to evaluate the toxicity and sub-lethality of MT (99.9% purity) and cMT (a commercial MT with 90% purity) in zebrafish (Danio rerio) adults, where the animals were exposed to concentrations of 0, 4, 23, 139, 833 and 5000 microg/L for 96 hours. Genotoxicity was evaluated by micronucleus test (MN), nuclear abnormalities (NA) and comet assay. A low genotoxic potential of MT was showed, inducing micronucleus, nuclear abnormalities and DNA damage in Danio rerio, depending on the use of MT or cMT, gender and tested concentrations. In the sub-lethality trials, there was a basal difference in the activity of the enzymatic biochemical markers for males and females, while the Glutatione S transferase (GST) activity decreased in all analyzed tissues, and for males the enzymatic activity decreased only in the intestine. Results suggest that MT has a toxic potential to fish because it alters enzymatic metabolic pathways and may pose a risk to the ecosystems."
