Pubmed_ID,Title,Author,Source,Abstract
16130458,"Sex reversal syndrome (64,XY; SRY-positive) in a mare demonstrating masculine behaviour.","Switonski M, Chmurzynska A, Szczerbal I, Lipczynski A, Yang F, Nowicka-Posluszna A",J Anim Breed Genet. 2005 Apr;122 Suppl 1:60-3. doi: 10.1111/j.1439-0388.2005.00510.x.,"A 5-year-old Thoroughbred mare was subjected to cytogenetic and molecular analysis because of infertility and masculine behaviour. Chromosome studies, including painting with the whole X chromosome specific probe, revealed a male chromosome complement (64,XY). The PCR amplification of the SRY and ZFY genes showed the presence of both those genes, while the endocrinological study demonstrated a high level of testosterone (9.7 nmol/l). Sequencing of the SRY gene (1121 bp), comprising also 5'- and 3'-UTRs, did not reveal any differences when compared with the sequence of normal stallions. It was proposed that this mare represents the androgen insensitivity syndrome (testicular feminization syndrome)."
16267164,Exclusion of candidate genes for canine SRY-negative XX sex reversal.,"Kothapalli K, Kirkness E, Pujar S, Van Wormer R, Meyers-Wallen VN",J Hered. 2005;96(7):759-63. doi: 10.1093/jhered/esi129. Epub 2005 Nov 2.,"In mammals, the Y-linked SRY gene is normally responsible for testis induction, yet testis development can occur in the absence of Y-linked genes, including SRY. The canine model of SRY-negative XX sex reversal could lead to the discovery of novel genes in the mammalian sex determination pathway. The autosomal genes causing testis induction in this disorder in dogs, humans, pigs, and horses are presently unknown. In goats, a large deletion is responsible for sex reversal linked to the polled (hornless) phenotype. However, this region has been excluded as being causative of the canine disorder, as have WT1 and DMRT1 in more recent studies. The purpose of this study was to determine whether microsatellite marker alleles near or within five candidate genes (GATA4, FOG2, LHX1, SF1, SOX9) are associated with the affected phenotype in a pedigree of canine SRY-negative XX sex reversal. Primer sequences flanking nucleotide repeats were designed within genomic sequences of canine candidate gene homologues. Fluorescence-labeled polymorphic markers were used to screen a subset of the multigenerational pedigree, and marker alleles were determined by software. Our results indicate that the mutation causing canine SRY-negative XX sex reversal in this pedigree is unlikely to be located in regions containing these candidates."
21070275,Molecular heterogeneity of XY sex reversal in horses.,"Raudsepp T, Durkin K, Lear TL, Das PJ, Avila F, Kachroo P, Chowdhary BP",Anim Genet. 2010 Dec;41 Suppl 2:41-52. doi: 10.1111/j.1365-2052.2010.02101.x.,"Male-to-female 64,XY sex reversal is a frequently reported chromosome abnormality in horses. Despite this, the molecular causes of the condition are as yet poorly understood. This is partially because only limited molecular information is available for the horse Y chromosome (ECAY). Here, we used the recently developed ECAY map and carried out the first comprehensive study of the Y chromosome in XY mares (n=18). The integrity of the ECAY in XY females was studied by FISH and PCR using markers evenly distributed along the euchromatic region. The results showed that the XY sex reversal condition in horses has two molecularly distinct forms: (i) a Y-linked form that is characterized by Y chromosome deletions and (ii) a non-Y-linked form where the Y chromosome of affected females is molecularly the same as in normal males. Further analysis of the Y-linked form (13 cases) showed that the condition is molecularly heterogeneous: the smallest deletions spanned about 21 kb, while the largest involved the entire euchromatic region. Regardless of the size, all deletions included the SRY gene. We show that the deletions were likely caused by inter-chromatid recombination events between repeated sequences in ECAY. Further, we hypothesize that the occurrence of SRY-negative XY females in some species (horse, human) but not in others (pig, dog) is because of differences in the organization of the Y chromosome. Finally, in contrast to the Y-linked SRY-negative form of equine XY sex reversal, the molecular causes of SRY-positive XY mares (5 cases) remain as yet undefined."
22025175,Molecular and cytogenetic studies in a case of XX SRY-negative sex reversal in an Arabian horse.,"Ciotola F, Albarella S, Pasolini MP, Auletta L, Esposito L, Iannuzzi L, Peretti V",Sex Dev. 2012;6(1-3):104-7. doi: 10.1159/000331480. Epub 2011 Oct 22.,"An 18-month-old Arabian foal characterized by a stallion-like appearance was submitted for cytogenetic and molecular genetics examinations due to abnormalities of external genitalia and the presence of ovotestis-like structures in the abdominal cavity. By RB-banding the animal showed the normal female equine karyotype (2n = 64,XX). Molecular analysis revealed the absence of the SRY and ZFY genes and the presence of ZFX, a typical female equine condition. The entire RSPO1 coding region was examined to exclude its involvement. Although a SNP was found in exon 3, it was not responsible for an amino acid substitution."
22626995,Natural exceptions to normal gonad development in mammals.,"Jimenez R, Barrionuevo FJ, Burgos M",Sex Dev. 2013;7(1-3):147-62. doi: 10.1159/000338768. Epub 2012 May 23.,"Gonads are the only organs with 2 possible developmental pathways, testis or ovary. A consequence of this unique feature is that mutations in genes controlling gonad development give rise not only to gonadal malformation or dysfunction but also to frequent cases of sex reversal, including XY females, XX males and intersexes. Most of our current knowledge on mammalian sex determination, the genetic process by which the gonadal primordia are committed to differentiate as either testes or ovaries, has derived mainly from the study of sex-reversed mice obtained by direct genetic manipulation. However, there are also numerous cases of natural exceptions to normal gonad development which have been described in a variety of mammals, including both domestic and wild species. Here, we review the most relevant cases of: (1) natural, non-induced sex reversal and intersexuality described in laboratory rodents, including Sxr and B6-Y(DOM) mice; (2) sex reversal in domestic animals, including freemartinism in bovids and pigs, XX sex reversal in pigs, goats and dogs, XY sex reversal in the horse, and sex chromosome chimerism and sex reversal in the cat, and (3) sex reversal in wild mammals, including the generalised true hermaphroditism described in talpid moles, XY sex reversal in Akodon, Microtus and Dicrostonyx species, males lacking a Y chromosome and SRY in Ellobius lutescens, the X* chromosome of Myopus schisticolor, and sex chromosome mosaicism and X0 females in Microtus oregoni. These studies are necessary to elucidate particular aspects of mammalian gonad development in some instances and to understand how the genetic mechanisms controlling gonad development have evolved."
26430891,Porcine SOX9 Gene Expression Is Influenced by an 18 bp Indel in the 5'-Untranslated Region.,"Brenig B, Duan Y, Xing Y, Ding N, Huang L, Schutz E",PLoS One. 2015 Oct 2;10(10):e0139583. doi: 10.1371/journal.pone.0139583. eCollection 2015.,"Sex determining region Y-box 9 (SOX9) is an important regulator of sex and skeletal development and is expressed in a variety of embryonal and adult tissues. Loss or gain of function resulting from mutations within the coding region or chromosomal aberrations of the SOX9 locus lead to a plethora of detrimental phenotypes in humans and animals. One of these phenotypes is the so-called male-to-female or female-to-male sex-reversal which has been observed in several mammals including pig, dog, cat, goat, horse, and deer. In 38,XX sex-reversal French Large White pigs, a genome-wide association study suggested SOX9 as the causal gene, although no functional mutations were identified in affected animals. However, besides others an 18 bp indel had been detected in the 5'-untranslated region of the SOX9 gene by comparing affected animals and controls. We have identified the same indel (Delta18) between position +247 bp and +266 bp downstream the transcription start site of the porcine SOX9 gene in four other pig breeds; i.e., German Large White, Laiwu Black, Bamei, and Erhualian. These animals have been genotyped in an attempt to identify candidate genes for porcine inguinal and/or scrotal hernia. Because the 18 bp segment in the wild type 5'-UTR harbours a highly conserved cAMP-response element (CRE) half-site, we analysed its role in SOX9 expression in vitro. Competition and immunodepletion electromobility shift assays demonstrate that the CRE half-site is specifically recognized by CREB. Both binding of CREB to the wild type as well as the absence of the CRE half-site in Delta18 reduced expression efficiency in HEK293T, PK-15, and ATDC5 cells significantly. Transfection experiments of wild type and Delta18 SOX9 promoter luciferase constructs show a significant reduction of RNA and protein levels depending on the presence or absence of the 18 bp segment. Hence, the data presented here demonstrate that the 18 bp indel in the porcine SOX9 5'-UTR is of functional importance and may therefore indeed be a causative variation in SOX9 associated traits."
28224649,Sex chromosomal abnormalities associated with equine infertility: validation of a simple molecular screening tool in the Purebred Spanish Horse.,"Anaya G, Molina A, Valera M, Moreno-Millan M, Azor P, Peral-Garcia P, Demyda-Peyras S",Anim Genet. 2017 Aug;48(4):412-419. doi: 10.1111/age.12543. Epub 2017 Feb 22.,"Chromosomal abnormalities in the sex chromosome pair (ECAX and ECAY) are widely associated with reproductive problems in horses. However, a large proportion of these abnormalities remains undiagnosed due to the lack of an affordable diagnostic tool that allows for avoiding karyotyping tests. Hereby, we developed an STR (single-tandem-repeat)-based molecular method to determine the presence of the main sex chromosomal abnormalities in horses in a fast, cheap and reliable way. The frequency of five ECAX-linked (LEX026, LEX003, TKY38, TKY270 and UCDEQ502) and two ECAY-linked (EcaYH12 and SRY) markers was characterized in 261 Purebred Spanish Horses to determine the efficiency of the methodology developed to be used as a chromosomal diagnostic tool. All the microsatellites analyzed were highly polymorphic, with a sizeable number of alleles (polymorphic information content > 0.5). Based on this variability, the methodology showed 100% sensitivity and 99.82% specificity to detect the most important sex chromosomal abnormalities reported in horses (chimerism, Turner's syndrome and sex reversal syndromes). The method was also validated with 100% efficiency in 10 individuals previously diagnosed as chromosomally aberrant. This STR screening panel is an efficient and reliable molecular-cytogenetic tool for the early detection of sex chromosomal abnormalities in equines that could be included in breeding programs to save money, effort and time of veterinary practitioners and breeders."
31793061,Application of droplet digital PCR in diagnosing of X monosomy in mares.,"Szczerbal I, Nowacka-Woszuk J, Kopp-Kuhlman C, Mackowski M, Switonski M",Equine Vet J. 2020 Jul;52(4):627-631. doi: 10.1111/evj.13214. Epub 2020 Feb 12.,"BACKGROUND: X monosomy is the most common disorder of sex development in horses. Although cytogenetic analysis is still the gold standard in the diagnosis of equine X monosomy, novel molecular techniques are being sought to quickly and reliably detect this chromosome abnormality. OBJECTIVES: The goal of this study was to evaluate the usefulness of a novel variant of the PCR technique-namely, droplet digital PCR (ddPCR)-in the detection of X monosomy in mares. STUDY DESIGN: A proof of concept of the usefulness of ddPCR in diagnosing an abnormal number of X chromosomes in mares. METHODS: We examined an infertile mare using cytogenetic (fluorescent in situ hybridisation-FISH) and molecular (droplet digital PCR-ddPCR) techniques. The X chromosome copy number in ddPCR was estimated via detection of the AMELX gene copy number. In addition, 70 mares homozygous for X-linked microsatellite marker (LEX3) were examined by ddPCR. For all mares, a PCR search for the Y-linked SRY gene was also performed. RESULTS: Cytogenetic analysis and ddPCR gave concordant results, indicating pure X monosomy in the studied mare. Of the 70 additional mares examined by ddPCR, a single copy of the X chromosome was found in two cases. All mares were SRY-negative and thus both freemartinism, manifested by leucocyte XX/XY chimerism, and sex reversal syndrome (XX, SRY-positive) could be excluded. MAIN LIMITATIONS: The ddPCR approach does not allow for unequivocal identification of mosaicism (63,X/64,XX or 65,XXX/64,XX), but may give an indication that further cytogenetic analysis is necessary. CONCLUSION: The ddPCR approach appeared to be useful for diagnosing nonmosaic X monosomy in mares. If the number of X chromosome copies in a mare, as determined by ddPCR, differs from two (in our study, <1.8 or >2.2), additional cytogenetic investigation is recommended with the aim of detecting the mosaicism."
