Pubmed_ID,Title,Author,Source,Abstract
16130458,"Sex reversal syndrome (64,XY; SRY-positive) in a mare demonstrating masculine behaviour.","Switonski M, Chmurzynska A, Szczerbal I, Lipczynski A, Yang F, Nowicka-Posluszna A",J Anim Breed Genet. 2005 Apr;122 Suppl 1:60-3. doi: 10.1111/j.1439-0388.2005.00510.x.,"A 5-year-old Thoroughbred mare was subjected to cytogenetic and molecular analysis because of infertility and masculine behaviour. Chromosome studies, including painting with the whole X chromosome specific probe, revealed a male chromosome complement (64,XY). The PCR amplification of the SRY and ZFY genes showed the presence of both those genes, while the endocrinological study demonstrated a high level of testosterone (9.7 nmol/l). Sequencing of the SRY gene (1121 bp), comprising also 5'- and 3'-UTRs, did not reveal any differences when compared with the sequence of normal stallions. It was proposed that this mare represents the androgen insensitivity syndrome (testicular feminization syndrome)."
16386440,"SRY negative 64,XX intersex phenotype in an American saddlebred horse.","Bannasch D, Rinaldo C, Millon L, Latson K, Spangler T, Hubberty S, Galuppo L, Lowenstine L",Vet J. 2007 Mar;173(2):437-9. doi: 10.1016/j.tvjl.2005.11.008. Epub 2005 Dec 28.,"A female American saddlebred horse was presented for surgical correction of a possible pseudohermaphrodite condition. The horse had abnormal external genitalia and exhibited stallion-like behaviour. No evidence of uterine or ovarian tissue was identified on laparoscopic examination, but hypoplastic testicular-like tissue was removed, although this was found to contain no spermatogonia upon histopathological examination. A karyotype was performed and showed the normal chromosomal complement for a female horse (64,XX). Polymerase chain reaction to detect the SRY gene was negative in peripheral blood as well as the testicular-like tissue. This case represents the first report of an SRY negative XX-male sex reversal intersex phenotype, which is a potentially inherited condition, in an American saddlebred horse."
21070275,Molecular heterogeneity of XY sex reversal in horses.,"Raudsepp T, Durkin K, Lear TL, Das PJ, Avila F, Kachroo P, Chowdhary BP",Anim Genet. 2010 Dec;41 Suppl 2:41-52. doi: 10.1111/j.1365-2052.2010.02101.x.,"Male-to-female 64,XY sex reversal is a frequently reported chromosome abnormality in horses. Despite this, the molecular causes of the condition are as yet poorly understood. This is partially because only limited molecular information is available for the horse Y chromosome (ECAY). Here, we used the recently developed ECAY map and carried out the first comprehensive study of the Y chromosome in XY mares (n=18). The integrity of the ECAY in XY females was studied by FISH and PCR using markers evenly distributed along the euchromatic region. The results showed that the XY sex reversal condition in horses has two molecularly distinct forms: (i) a Y-linked form that is characterized by Y chromosome deletions and (ii) a non-Y-linked form where the Y chromosome of affected females is molecularly the same as in normal males. Further analysis of the Y-linked form (13 cases) showed that the condition is molecularly heterogeneous: the smallest deletions spanned about 21 kb, while the largest involved the entire euchromatic region. Regardless of the size, all deletions included the SRY gene. We show that the deletions were likely caused by inter-chromatid recombination events between repeated sequences in ECAY. Further, we hypothesize that the occurrence of SRY-negative XY females in some species (horse, human) but not in others (pig, dog) is because of differences in the organization of the Y chromosome. Finally, in contrast to the Y-linked SRY-negative form of equine XY sex reversal, the molecular causes of SRY-positive XY mares (5 cases) remain as yet undefined."
22025175,Molecular and cytogenetic studies in a case of XX SRY-negative sex reversal in an Arabian horse.,"Ciotola F, Albarella S, Pasolini MP, Auletta L, Esposito L, Iannuzzi L, Peretti V",Sex Dev. 2012;6(1-3):104-7. doi: 10.1159/000331480. Epub 2011 Oct 22.,"An 18-month-old Arabian foal characterized by a stallion-like appearance was submitted for cytogenetic and molecular genetics examinations due to abnormalities of external genitalia and the presence of ovotestis-like structures in the abdominal cavity. By RB-banding the animal showed the normal female equine karyotype (2n = 64,XX). Molecular analysis revealed the absence of the SRY and ZFY genes and the presence of ZFX, a typical female equine condition. The entire RSPO1 coding region was examined to exclude its involvement. Although a SNP was found in exon 3, it was not responsible for an amino acid substitution."
3243967,Concentration of serum testosterone in XY sex reversed horses.,"Kent MG, Schneller HE, Hegsted RL, Johnston SD, Wachtel SS",J Endocrinol Invest. 1988 Sep;11(8):609-13. doi: 10.1007/BF03350191.,"The XY Sex Reversal Syndrome of the horse is a condition associated with female or intersexual development in genetic males. In our previous study, 38 sex reversed XY mares were classified according to behavior, gross clinical phenotype, gonadal status, and H-Y phenotype. Four classes were described, ranging from potentially fertile female (Class I) to virilized intersex (Class IV). In the present study, serum testosterone concentrations were measured in 29 sex-reversed XY mares, 3 normal mares and 3 normal stallions. Serums were obtained during the breeding season (March-August), and were stored at -70 C until assayed. Serum testosterone concentrations in the normal XX mares ranged from nondetectable to 0.41 ng/ml; in normal XY stallions, from 1.04 ng/ml to 2.4 ng/ml; and in XY mares, from nondetectable to 5.4 ng/ml. Sex reversed mares previously assigned to Class I or II had serum testosterone concentrations ranging from nondetectable to 0.22 ng/ml. Serum testosterone concentrations in XY mares were correlated with sex phenotype and behavior. Although the range of steroid concentrations among XY mares may be quantified more accurately with increased sampling, serum testosterone concentrations can be used currently as an added parameter for study of the sex reversed condition."
3720361,XY sex-reversal syndrome in the domestic horse.,"Kent MG, Shoffner RN, Buoen L, Weber AF",Cytogenet Cell Genet. 1986;42(1-2):8-18. doi: 10.1159/000132243.,"The XY sex-reversal syndrome occurs when a phenotypic mare is born that has the karyotype of a stallion. The syndrome is manifested by both genotypic and phenotypic heterogeneity. The sex-reversed genetic condition occurs frequently within certain pedigrees where XY females have been found and can be readily detected by chromosome karyotyping. The phenotypic spectrum ranges from the feminine mare with a reproductive tract that is within normal limits to the greatly masculinized mare. Pedigree analysis suggests that there are two modes of inheritance: (1) an X-linked recessive or autosomal sex-limited dominant transmitted through the female and (2) an autosomal sex-limited dominant or a Y chromosomal mutation with variable expression transmitted through the male. The proportion of female to male progeny of the 69 top-producing Arabian stallions in the world is 53 to 47, indicating that the occurrence of genetic defects affecting the sex ratio such as the XY sex-reversal syndrome is relatively infrequent. In nine cases where the sex ratios of stallions deviated significantly from the expected sex ratio, the incidence of female infertility also increased. Cytogenetic screening of young animals would provide for early detection and avoid the expense and disappointment of continuous breeding attempts. Just as importantly, it would aid in the reduction and the possible elimination of this genetic condition from breeding herds."
