Pubmed_ID,Title,Author,Source,Abstract
12559464,"A sporadic case of the sex-reversed mare (64,XY; SRY-negative): molecular and cytogenetic studies of the Y chromosome.","Bugno M, Klukowska J, Slota E, Tischner M, Switonski M",Theriogenology. 2003 Apr 1;59(7):1597-603. doi: 10.1016/s0093-691x(02)01197-4.,"A sex-reversal syndrome appears frequently in the horse. The mare carriers of this syndrome lack of SRY gene. It is suggested that sex-reversal syndrome is probably caused by transfer of the SRY gene from Y to the X chromosome, due to abnormal meiotic exchange. The aim of the study was molecular analysis of the Y-linked genes in a case of the sex-reversed infertile mare with 64,XY karyotype. The karyotype was established on the basis of analysis of 350 metaphase spreads stained by CBG banding. Molecular analysis of the loci assigned to the Y chromosome revealed absence of the SRY gene and presence of the other studied loci (ZFY, AMEL-Y and STS-Y). In this animal all fragments representing X chromosome (ZFX, AMEL-X and STS-X) were detected. External genitalia in the mare were normal, uterus was small and ovaries (examined by ultrasonography) extremely small. The mechanism of sex-reversal syndrome formation was discussed. It is postulated that during spermatogenesis in the sire two crossing-over events between the X and Y chromosomes occurred. One of them took place between the ZFY and SRY loci and another one between the SRY locus and the centromere."
16130458,"Sex reversal syndrome (64,XY; SRY-positive) in a mare demonstrating masculine behaviour.","Switonski M, Chmurzynska A, Szczerbal I, Lipczynski A, Yang F, Nowicka-Posluszna A",J Anim Breed Genet. 2005 Apr;122 Suppl 1:60-3. doi: 10.1111/j.1439-0388.2005.00510.x.,"A 5-year-old Thoroughbred mare was subjected to cytogenetic and molecular analysis because of infertility and masculine behaviour. Chromosome studies, including painting with the whole X chromosome specific probe, revealed a male chromosome complement (64,XY). The PCR amplification of the SRY and ZFY genes showed the presence of both those genes, while the endocrinological study demonstrated a high level of testosterone (9.7 nmol/l). Sequencing of the SRY gene (1121 bp), comprising also 5'- and 3'-UTRs, did not reveal any differences when compared with the sequence of normal stallions. It was proposed that this mare represents the androgen insensitivity syndrome (testicular feminization syndrome)."
22025175,Molecular and cytogenetic studies in a case of XX SRY-negative sex reversal in an Arabian horse.,"Ciotola F, Albarella S, Pasolini MP, Auletta L, Esposito L, Iannuzzi L, Peretti V",Sex Dev. 2012;6(1-3):104-7. doi: 10.1159/000331480. Epub 2011 Oct 22.,"An 18-month-old Arabian foal characterized by a stallion-like appearance was submitted for cytogenetic and molecular genetics examinations due to abnormalities of external genitalia and the presence of ovotestis-like structures in the abdominal cavity. By RB-banding the animal showed the normal female equine karyotype (2n = 64,XX). Molecular analysis revealed the absence of the SRY and ZFY genes and the presence of ZFX, a typical female equine condition. The entire RSPO1 coding region was examined to exclude its involvement. Although a SNP was found in exon 3, it was not responsible for an amino acid substitution."
31793061,Application of droplet digital PCR in diagnosing of X monosomy in mares.,"Szczerbal I, Nowacka-Woszuk J, Kopp-Kuhlman C, Mackowski M, Switonski M",Equine Vet J. 2020 Jul;52(4):627-631. doi: 10.1111/evj.13214. Epub 2020 Feb 12.,"BACKGROUND: X monosomy is the most common disorder of sex development in horses. Although cytogenetic analysis is still the gold standard in the diagnosis of equine X monosomy, novel molecular techniques are being sought to quickly and reliably detect this chromosome abnormality. OBJECTIVES: The goal of this study was to evaluate the usefulness of a novel variant of the PCR technique-namely, droplet digital PCR (ddPCR)-in the detection of X monosomy in mares. STUDY DESIGN: A proof of concept of the usefulness of ddPCR in diagnosing an abnormal number of X chromosomes in mares. METHODS: We examined an infertile mare using cytogenetic (fluorescent in situ hybridisation-FISH) and molecular (droplet digital PCR-ddPCR) techniques. The X chromosome copy number in ddPCR was estimated via detection of the AMELX gene copy number. In addition, 70 mares homozygous for X-linked microsatellite marker (LEX3) were examined by ddPCR. For all mares, a PCR search for the Y-linked SRY gene was also performed. RESULTS: Cytogenetic analysis and ddPCR gave concordant results, indicating pure X monosomy in the studied mare. Of the 70 additional mares examined by ddPCR, a single copy of the X chromosome was found in two cases. All mares were SRY-negative and thus both freemartinism, manifested by leucocyte XX/XY chimerism, and sex reversal syndrome (XX, SRY-positive) could be excluded. MAIN LIMITATIONS: The ddPCR approach does not allow for unequivocal identification of mosaicism (63,X/64,XX or 65,XXX/64,XX), but may give an indication that further cytogenetic analysis is necessary. CONCLUSION: The ddPCR approach appeared to be useful for diagnosing nonmosaic X monosomy in mares. If the number of X chromosome copies in a mare, as determined by ddPCR, differs from two (in our study, <1.8 or >2.2), additional cytogenetic investigation is recommended with the aim of detecting the mosaicism."
